-- --------------------------------------------------------
-- Host:                         127.0.0.1
-- Server version:               10.5.8-MariaDB - mariadb.org binary distribution
-- Server OS:                    Win64
-- HeidiSQL Version:             11.2.0.6213
-- --------------------------------------------------------

/*!40101 SET @OLD_CHARACTER_SET_CLIENT=@@CHARACTER_SET_CLIENT */;
/*!40101 SET NAMES utf8 */;
/*!50503 SET NAMES utf8mb4 */;
/*!40014 SET @OLD_FOREIGN_KEY_CHECKS=@@FOREIGN_KEY_CHECKS, FOREIGN_KEY_CHECKS=0 */;
/*!40101 SET @OLD_SQL_MODE=@@SQL_MODE, SQL_MODE='NO_AUTO_VALUE_ON_ZERO' */;
/*!40111 SET @OLD_SQL_NOTES=@@SQL_NOTES, SQL_NOTES=0 */;


-- Dumping database structure for simpleschedule
DROP DATABASE IF EXISTS `simpleschedule`;
CREATE DATABASE IF NOT EXISTS `simpleschedule` /*!40100 DEFAULT CHARACTER SET latin1 */;
USE `simpleschedule`;

-- Dumping structure for table simpleschedule.appointments
DROP TABLE IF EXISTS `appointments`;
CREATE TABLE IF NOT EXISTS `appointments` (
  `id` int(11) NOT NULL,
  `date` date DEFAULT NULL,
  `locationId` int(11) DEFAULT NULL,
  `patientId` int(11) DEFAULT NULL,
  `primaryId` int(11) DEFAULT NULL,
  `timeEnd` time DEFAULT NULL,
  `timeStart` time DEFAULT NULL,
  PRIMARY KEY (`id`)
) ENGINE=InnoDB DEFAULT CHARSET=latin1;

-- Dumping data for table simpleschedule.appointments: ~1 rows (approximately)
/*!40000 ALTER TABLE `appointments` DISABLE KEYS */;
INSERT INTO `appointments` (`id`, `date`, `locationId`, `patientId`, `primaryId`, `timeEnd`, `timeStart`) VALUES
	(1, '2021-04-12', 1, 14, 3, '12:30:00', '11:30:00');
/*!40000 ALTER TABLE `appointments` ENABLE KEYS */;

-- Dumping structure for table simpleschedule.contacts
DROP TABLE IF EXISTS `contacts`;
CREATE TABLE IF NOT EXISTS `contacts` (
  `patientId` int(11) NOT NULL,
  `phone1` varchar(10) DEFAULT NULL,
  `phone2` varchar(10) DEFAULT NULL,
  `phone3` varchar(10) DEFAULT NULL,
  `email` varchar(40) DEFAULT NULL,
  PRIMARY KEY (`patientId`),
  CONSTRAINT `contacts_ibfk_1` FOREIGN KEY (`patientId`) REFERENCES `patients` (`id`)
) ENGINE=InnoDB DEFAULT CHARSET=latin1;

-- Dumping data for table simpleschedule.contacts: ~200 rows (approximately)
/*!40000 ALTER TABLE `contacts` DISABLE KEYS */;
INSERT INTO `contacts` (`patientId`, `phone1`, `phone2`, `phone3`, `email`) VALUES
	(1, '9527688100', NULL, NULL, 'terrimerrihew@gmail.com'),
	(2, '6124990631', '7154286763', '6120420102', 'lurlineroberge@aol.com'),
	(3, '7638893405', NULL, NULL, 'mdelagarza@yahoo.com'),
	(4, '6127607422', '6514027187', '6515224844', 'eshivers@aol.com'),
	(5, '6519952522', NULL, NULL, 'kvanegas@outlook.com'),
	(6, '7632511230', '2184426967', NULL, 'johnsiechauez@yahoo.com'),
	(7, '9527489956', '2188498841', NULL, 'dsi@hotmail.com'),
	(8, '7157590642', '9526945978', '5343968241', 'jmetoyer@hotmail.com'),
	(9, '3204089936', '7630469822', NULL, 'mindarockhold@yahoo.com'),
	(10, '5340833265', '7638020682', NULL, 'ediblasi@hotmail.com'),
	(11, '7151076993', NULL, NULL, 'angelesdimatteo@hotmail.com'),
	(12, '3204757104', NULL, NULL, 'sbakley@hotmail.com'),
	(13, '7158642824', '6121861927', NULL, 'merrico@yahoo.com'),
	(14, '9520477572', '9521370591', '9526807106', 'ngonsalez@gmail.com'),
	(15, '3203796053', NULL, NULL, 'csolorzano@outlook.com'),
	(16, '9525957425', '6519160524', NULL, 'gabee@hotmail.com'),
	(17, '2187030671', NULL, NULL, 'laurelsiemers@outlook.com'),
	(18, '7636133636', '2189296910', '3203338927', 'kiannuzzi@outlook.com'),
	(19, '6516606244', '3203194835', NULL, 'scai@gmail.com'),
	(20, '2186809254', '6514293963', '5342761269', 'tannerdonat@hotmail.com'),
	(21, '9529369326', NULL, NULL, 'tgroves@yahoo.com'),
	(22, '3208099082', NULL, NULL, 'broderickruehl@gmail.com'),
	(23, '2184947102', NULL, NULL, 'laniestoute@aol.com'),
	(24, '7156420869', NULL, NULL, 'ebrouse@yahoo.com'),
	(25, '5348409412', NULL, NULL, 'gracepaavola@gmail.com'),
	(26, '6516939741', '3209000200', NULL, 'sgillette@aol.com'),
	(27, '6128713323', '6122680223', '6123174589', 'mindifiorentino@outlook.com'),
	(28, '9522679921', '5345429430', '6128569859', 'claudiegreening@aol.com'),
	(29, '6510429372', '9527637948', '7154752834', 'vivamckeehan@gmail.com'),
	(30, '5343154373', NULL, NULL, 'tcorkery@aol.com'),
	(31, '7635520543', NULL, NULL, 'mandipyles@outlook.com'),
	(32, '3205242743', '7635168646', NULL, 'gaylahodapp@yahoo.com'),
	(33, '6128889384', '3208403418', NULL, 'selinacolton@hotmail.com'),
	(34, '6517254390', '9522876575', NULL, 'ttozier@aol.com'),
	(35, '6128355566', NULL, NULL, 'lavonnakissel@hotmail.com'),
	(36, '3207222729', NULL, NULL, 'taishabelmont@outlook.com'),
	(37, '7635829301', NULL, NULL, 'noreneculver@outlook.com'),
	(38, '3202647331', NULL, NULL, 'sflynt@aol.com'),
	(39, '6128599709', NULL, NULL, 'marieloop@gmail.com'),
	(40, '6517036390', '9524696600', '6515120545', 'hchiou@aol.com'),
	(41, '6519485265', '2189577633', '6510183893', 'omerbogardus@yahoo.com'),
	(42, '7638456467', '7637109858', '7637986133', 'lrenfrew@gmail.com'),
	(43, '3201826401', NULL, NULL, 'cmodica@hotmail.com'),
	(44, '9521823290', '3202970902', NULL, 'guillermostarke@aol.com'),
	(45, '9527343271', '9523416400', '6124806690', 'dvannoy@aol.com'),
	(46, '9526530975', NULL, NULL, 'sgeary@aol.com'),
	(47, '7153294628', '6124593157', '3207784111', 'zoramartel@gmail.com'),
	(48, '2188543243', '2185735920', '7152288013', 'jessicabomar@aol.com'),
	(49, '7633784951', '2180011610', NULL, 'bettiekielbasa@gmail.com'),
	(50, '7155800688', NULL, NULL, 'ccupples@aol.com'),
	(51, '9522382269', NULL, NULL, 'lkreitzer@outlook.com'),
	(52, '7633026017', '9528662293', '3207628616', 'rbatson@hotmail.com'),
	(53, '9527204485', NULL, NULL, 'troe@hotmail.com'),
	(54, '6125075457', NULL, NULL, 'efinley@gmail.com'),
	(55, '2182888120', '6510814576', '6124310496', 'floridaiwamoto@outlook.com'),
	(56, '7639845465', NULL, NULL, 'jisler@gmail.com'),
	(57, '2184022555', '9527152768', NULL, 'bpass@yahoo.com'),
	(58, '7630913954', '7631367360', NULL, 'harlannathanson@hotmail.com'),
	(59, '6510503191', '6514839988', '6515721367', 'kayebroce@yahoo.com'),
	(60, '6121588838', '2183228922', '9526366127', 'ckucharski@yahoo.com'),
	(61, '2185263948', NULL, NULL, 'kkarsten@yahoo.com'),
	(62, '7639882371', '2187307473', NULL, 'iveycaro@yahoo.com'),
	(63, '3209454456', NULL, NULL, 'lasandrakendrick@yahoo.com'),
	(64, '7632196372', NULL, NULL, 'antoineclogston@outlook.com'),
	(65, '5348883091', '5343538812', '7632610198', 'adelinekloss@outlook.com'),
	(66, '7632886528', NULL, NULL, 'kleanos@hotmail.com'),
	(67, '3202206121', '7158984335', NULL, 'jamalmazzotta@hotmail.com'),
	(68, '2185669797', '7638572258', NULL, 'jpostell@outlook.com'),
	(69, '6511082187', '6517778599', NULL, 'chinkel@yahoo.com'),
	(70, '7153313296', NULL, NULL, 'joannblass@gmail.com'),
	(71, '9526218597', '3205874145', '7633047848', 'lmodlin@yahoo.com'),
	(72, '9525414098', '6128973374', NULL, 'everettewelle@hotmail.com'),
	(73, '7631119604', '6128435656', NULL, 'rosanaspector@outlook.com'),
	(74, '7637234898', NULL, NULL, 'kellyebatdorf@yahoo.com'),
	(75, '9521469735', '2181789393', '3205452391', 'jpizzo@outlook.com'),
	(76, '6511178361', NULL, NULL, 'hnguyen@gmail.com'),
	(77, '3203626579', '3205008963', '6515427308', 'kmckeehan@hotmail.com'),
	(78, '5343981659', '9528277191', '3208366900', 'agorder@gmail.com'),
	(79, '2180237886', NULL, NULL, 'katricemallari@yahoo.com'),
	(80, '6126611014', '7154096422', NULL, 'reynaldapua@aol.com'),
	(81, '6516871665', '9521461870', '6128496925', 'czamudio@hotmail.com'),
	(82, '5340185685', NULL, NULL, 'etingle@yahoo.com'),
	(83, '6512181761', '2189213623', NULL, 'lauranworm@aol.com'),
	(84, '9529914988', '6126744324', NULL, 'lrosen@aol.com'),
	(85, '7637814643', '9526270504', '6124801052', 'nharvey@aol.com'),
	(86, '9528654503', NULL, NULL, 'maryjoknaus@gmail.com'),
	(87, '7157134922', '7637179290', NULL, 'soonmazzeo@hotmail.com'),
	(88, '6126382545', NULL, NULL, 'beatriswitham@hotmail.com'),
	(89, '7636644527', '2180650145', '6511359712', 'olafever@gmail.com'),
	(90, '3201842537', '6515202859', NULL, 'marisproudfoot@yahoo.com'),
	(91, '6510673192', NULL, NULL, 'valfano@gmail.com'),
	(92, '9526445932', '6514136623', NULL, 'vestastout@hotmail.com'),
	(93, '2182352260', '6510445968', '6121424261', 'nguilbert@aol.com'),
	(94, '7635297261', NULL, NULL, 'fbyers@gmail.com'),
	(95, '6123151261', '6517047240', '3205415451', 'daynarussi@gmail.com'),
	(96, '6128293208', '6518323524', '5344414932', 'lincolnfelch@hotmail.com'),
	(97, '2180124185', '6127478109', NULL, 'zelladuffy@hotmail.com'),
	(98, '2189348016', NULL, NULL, 'morristhornell@hotmail.com'),
	(99, '6123527946', '6124894110', '9524556420', 'dianalu@outlook.com'),
	(100, '6514608781', NULL, NULL, 'ruthannlockhart@yahoo.com'),
	(101, '9524966232', NULL, NULL, 'rleroy@yahoo.com'),
	(102, '3200317827', NULL, NULL, 'lisbethhamill@yahoo.com'),
	(103, '2186765771', NULL, NULL, 'jerrodheaston@outlook.com'),
	(104, '5348397059', '6511066459', NULL, 'nathanaelokafor@yahoo.com'),
	(105, '6510133639', '6128097585', NULL, 'cnash@outlook.com'),
	(106, '3207160902', '9521106060', NULL, 'katricebrimage@gmail.com'),
	(107, '6516953550', NULL, NULL, 'imogenerawles@gmail.com'),
	(108, '6511979198', '2188797640', '3209664975', 'susanchurch@aol.com'),
	(109, '6517788900', NULL, NULL, 'dgreathouse@outlook.com'),
	(110, '6125782326', NULL, NULL, 'loisemey@outlook.com'),
	(111, '9520969412', '6126000340', '2187532865', 'piperthornley@gmail.com'),
	(112, '7638496562', NULL, NULL, 'ccallahan@gmail.com'),
	(113, '2185257615', '6510739841', '3203209836', 'duncansimmonds@outlook.com'),
	(114, '3206322556', NULL, NULL, 'kmishoe@hotmail.com'),
	(115, '6518766084', '9523042054', NULL, 'hellensimeon@aol.com'),
	(116, '6124458021', '6514654189', '3204810704', 'dvoss@yahoo.com'),
	(117, '7636046509', NULL, NULL, 'lnova@aol.com'),
	(118, '5340116932', NULL, NULL, 'jdenby@yahoo.com'),
	(119, '9523900798', NULL, NULL, 'francesmcferrin@yahoo.com'),
	(120, '3206280296', '3207320922', '7635270640', 'kloose@outlook.com'),
	(121, '3204374626', NULL, NULL, 'lhamiton@yahoo.com'),
	(122, '2188952890', NULL, NULL, 'ltrostle@aol.com'),
	(123, '6513926705', '6124820940', '6511117280', 'jsteckel@aol.com'),
	(124, '9522436716', '6124841192', NULL, 'etsukokuster@aol.com'),
	(125, '2184747960', NULL, NULL, 'jhalper@aol.com'),
	(126, '3204242657', '2187426147', NULL, 'alixwindholz@outlook.com'),
	(127, '2181791339', '6514015274', NULL, 'walkercaicedo@aol.com'),
	(128, '6519955606', '6129728025', NULL, 'erawlinson@outlook.com'),
	(129, '9520443719', '7637057509', NULL, 'spine@gmail.com'),
	(130, '7632968518', NULL, NULL, 'rhaig@hotmail.com'),
	(131, '6127960355', NULL, NULL, 'janellahorvath@aol.com'),
	(132, '2180852269', '9523506653', '9524884079', 'alisepaden@aol.com'),
	(133, '2188152713', '6120424706', '7151192615', 'rpolinsky@aol.com'),
	(134, '5348631474', NULL, NULL, 'sabinavanostrand@outlook.com'),
	(135, '6515727182', '3204844891', '3205395398', 'abottorff@yahoo.com'),
	(136, '6120802213', NULL, NULL, 'gvreeland@hotmail.com'),
	(137, '7635419690', '2182321495', '7633261244', 'cdiep@yahoo.com'),
	(138, '7634696321', '9523759725', NULL, 'garrymontana@gmail.com'),
	(139, '7635213342', '6120421116', NULL, 'zregina@aol.com'),
	(140, '6510309299', NULL, NULL, 'alyshamero@aol.com'),
	(141, '3201663979', '6128114131', NULL, 'fkneeland@aol.com'),
	(142, '7636920094', '3206910895', NULL, 'kkimler@aol.com'),
	(143, '2186390881', NULL, NULL, 'ehouse@outlook.com'),
	(144, '6510679873', NULL, NULL, 'vguion@hotmail.com'),
	(145, '9529181275', '7636311283', '7634452092', 'jjesus@outlook.com'),
	(146, '7633083994', '6120233358', '7638359976', 'robttarbell@outlook.com'),
	(147, '2188575528', NULL, NULL, 'ymcgough@hotmail.com'),
	(148, '7155720054', '9520304886', '9527719134', 'smeister@outlook.com'),
	(149, '7636366746', '3203073777', '9520536515', 'hmoody@hotmail.com'),
	(150, '7153545724', '7158172473', '6514848900', 'jamartoy@yahoo.com'),
	(151, '9525555991', NULL, NULL, 'aheister@outlook.com'),
	(152, '9521070035', '5343884982', NULL, 'atinnin@hotmail.com'),
	(153, '3202165602', '3203064767', NULL, 'bspiegel@outlook.com'),
	(154, '7639610771', '2187091376', '9528981542', 'jdelmonte@aol.com'),
	(155, '6128295107', '9527525207', NULL, 'apacelli@yahoo.com'),
	(156, '6123796531', '7635521868', NULL, 'vivastorie@yahoo.com'),
	(157, '7157398651', NULL, NULL, 'ftroyer@yahoo.com'),
	(158, '9524868798', '3206385770', '2183849321', 'rarmenta@aol.com'),
	(159, '7638017730', NULL, NULL, 'smatinez@hotmail.com'),
	(160, '7638086504', '7638988278', NULL, 'katherynek@outlook.com'),
	(161, '2187705688', '7630747231', '7156152084', 'lhunsicker@outlook.com'),
	(162, '6128849726', NULL, NULL, 'maritabatiste@hotmail.com'),
	(163, '7156895213', '2182943574', '7634615443', 'jogles@outlook.com'),
	(164, '7636969247', NULL, NULL, 'ltheis@outlook.com'),
	(165, '9525739979', NULL, NULL, 'wrathburn@aol.com'),
	(166, '9524894299', '6510589881', NULL, 'teofilabuscher@outlook.com'),
	(167, '3205367494', '7636088496', NULL, 'lcarbajal@outlook.com'),
	(168, '7639863907', '5342687872', NULL, 'sbrocato@aol.com'),
	(169, '9528751532', '3200694041', NULL, 'vpryce@aol.com'),
	(170, '9529878529', NULL, NULL, 'apane@outlook.com'),
	(171, '6518448349', '7636628899', '7634266220', 'ahmadakins@yahoo.com'),
	(172, '7639940679', NULL, NULL, 'glindahopf@aol.com'),
	(173, '7630951234', '3207828030', NULL, 'tgu@outlook.com'),
	(174, '9524061460', '9521074360', NULL, 'wendieblomgren@yahoo.com'),
	(175, '9525819950', '6511631330', NULL, 'bwiemer@gmail.com'),
	(176, '6120309909', NULL, NULL, 'evalynparkerson@outlook.com'),
	(177, '2188272659', '3203779293', '6122291303', 'miskra@aol.com'),
	(178, '9521983772', NULL, NULL, 'imolnar@aol.com'),
	(179, '2183341422', NULL, NULL, 'ngermano@yahoo.com'),
	(180, '2185368528', NULL, NULL, 'fdoerr@hotmail.com'),
	(181, '7150699872', '9527001000', NULL, 'wcoppedge@yahoo.com'),
	(182, '9523371010', '7631042389', NULL, 'dboxer@outlook.com'),
	(183, '3208096739', '3201129795', NULL, 'leonidapatino@yahoo.com'),
	(184, '3207524609', NULL, NULL, 'jcanale@gmail.com'),
	(185, '2189911378', '7637321427', '9528540005', 'elroyrosse@aol.com'),
	(186, '9527883169', '6124691163', NULL, 'vetabordeaux@yahoo.com'),
	(187, '5344336749', NULL, NULL, 'maricruzmcnish@aol.com'),
	(188, '6519999729', '9520967892', NULL, 'rosalinareay@gmail.com'),
	(189, '5348352012', '9524587265', '6515878714', 'tdurrah@gmail.com'),
	(190, '6512294255', NULL, NULL, 'epichette@gmail.com'),
	(191, '6129428342', NULL, NULL, 'sheliaschwartzberg@aol.com'),
	(192, '6514481531', NULL, NULL, 'amacfarlane@gmail.com'),
	(193, '9521706001', '2187151415', NULL, 'ybotsford@yahoo.com'),
	(194, '6511869442', '6515585958', NULL, 'shaladeleo@aol.com'),
	(195, '7637739862', NULL, NULL, 'fepling@yahoo.com'),
	(196, '2187434793', '7637592179', NULL, 'tmunsell@outlook.com'),
	(197, '9527479898', NULL, NULL, 'khofman@gmail.com'),
	(198, '9526064327', '6510359184', NULL, 'tshock@hotmail.com'),
	(199, '7637890633', '9521461299', '3208770856', 'magdalencurrence@aol.com'),
	(200, '7635144977', '7637985170', NULL, 'andersonmayoral@yahoo.com');
/*!40000 ALTER TABLE `contacts` ENABLE KEYS */;

-- Dumping structure for table simpleschedule.insurance
DROP TABLE IF EXISTS `insurance`;
CREATE TABLE IF NOT EXISTS `insurance` (
  `patientid` int(11) NOT NULL,
  `id` varchar(12) DEFAULT NULL,
  `groupId` varchar(8) DEFAULT NULL,
  `planId` varchar(8) DEFAULT NULL,
  `provider` varchar(26) DEFAULT NULL,
  PRIMARY KEY (`patientid`),
  CONSTRAINT `insurance_ibfk_1` FOREIGN KEY (`patientid`) REFERENCES `patients` (`id`)
) ENGINE=InnoDB DEFAULT CHARSET=latin1;

-- Dumping data for table simpleschedule.insurance: ~200 rows (approximately)
/*!40000 ALTER TABLE `insurance` DISABLE KEYS */;
INSERT INTO `insurance` (`patientid`, `id`, `groupId`, `planId`, `provider`) VALUES
	(1, 'MMN275853127', 'LXBGVJEW', 'EWICBLSE', 'HealthPartners'),
	(2, 'MMN286266724', 'QNQUYSTN', 'NQJBLOOI', 'Medica'),
	(3, 'MMN598531367', 'SNILITYV', 'MNEYILPC', 'HealthPartners'),
	(4, 'MMN238488722', 'VDOZGCTS', 'LJUKQTWX', 'PreferredOne'),
	(5, 'MMN286198281', 'ODLZRYBI', 'IUWJHJBC', 'PreferredOne'),
	(6, 'MMN367339620', 'PWCEDWIY', 'DLHSWKTI', 'United'),
	(7, 'MMN181744980', 'XGSXQMCG', 'KMMPGUYN', 'HealthPartners'),
	(8, 'MMN562352887', 'QMUBVNEA', 'AGBQBZIR', 'Blue Cross Blue Shield'),
	(9, 'MMN011665200', 'KIQNQLKN', 'XKYGNYEL', 'United'),
	(10, 'MMN802650592', 'QAKVBZOS', 'YSWNQHRZ', 'Medica'),
	(11, 'MMN957942384', 'LVONYTFH', 'USXCOCAN', 'PreferredOne'),
	(12, 'MMN532228890', 'AFSIJEON', 'DEDYDQQO', 'PreferredOne'),
	(13, 'MMN491630579', 'IRMEIOPS', 'SPCFATAD', 'PreferredOne'),
	(14, 'MMN716760242', 'DSQTBMMW', 'NYSKQUZW', 'United'),
	(15, 'MMN167892490', 'TSFKZDIV', 'HIKTDFAJ', 'HealthPartners'),
	(16, 'MMN550183936', 'JSPDHYIC', 'YTTYBMRI', 'Medica'),
	(17, 'MMN594438625', 'KHFFCLZO', 'FIXVGPRV', 'PreferredOne'),
	(18, 'MMN718274875', 'DNUKFYIN', 'WCKWWJTZ', 'United'),
	(19, 'MMN057018642', 'OUUQKGML', 'HUHLYHEK', 'HealthPartners'),
	(20, 'MMN188157518', 'XPXYTXHX', 'AYKCCZWW', 'HealthPartners'),
	(21, 'MMN751680879', 'HAQZSLQQ', 'SXHJAKWI', 'Blue Cross Blue Shield'),
	(22, 'MMN776195697', 'ZJXLDCUN', 'FTPHBLIG', 'Blue Cross Blue Shield'),
	(23, 'MMN317046863', 'EKTMGYAC', 'FIWFMUSJ', 'Blue Cross Blue Shield'),
	(24, 'MMN317754015', 'LUFIGJGS', 'NBVQXZSO', 'Medica'),
	(25, 'MMN413463307', 'UHDEVVPV', 'SDGGGTFX', 'Medica'),
	(26, 'MMN537890176', 'SSWNCQVY', 'ITGLKTCF', 'Blue Cross Blue Shield'),
	(27, 'MMN986250155', 'UGNHEKXR', 'LBTXNCGQ', 'PreferredOne'),
	(28, 'MMN142976310', 'HAYSFQNQ', 'VMUDINJN', 'Blue Cross Blue Shield'),
	(29, 'MMN659007896', 'OAWWCPQH', 'ELMOQUQR', 'PreferredOne'),
	(30, 'MMN273905136', 'PSTEVGVP', 'JZDVSCXJ', 'HealthPartners'),
	(31, 'MMN050668181', 'IHGKHNZC', 'UHRJLVRK', 'Medica'),
	(32, 'MMN921781723', 'ASLFAKSE', 'EOSLJRDK', 'PreferredOne'),
	(33, 'MMN437666119', 'OXQHYGGF', 'BZZXXCRC', 'United'),
	(34, 'MMN937269152', 'GBDNNBGQ', 'DKCLJHHN', 'Medica'),
	(35, 'MMN631826588', 'UUCHQMJY', 'ZMKCKOMB', 'United'),
	(36, 'MMN737124956', 'TGYMCZVV', 'ZURIVQKR', 'Blue Cross Blue Shield'),
	(37, 'MMN075669147', 'OCDKSXIM', 'WHNDPEDW', 'Medica'),
	(38, 'MMN119664214', 'ZQRYJKIG', 'RAAMJTAN', 'PreferredOne'),
	(39, 'MMN741637964', 'VXVUIOVI', 'XGMRTXMY', 'Medica'),
	(40, 'MMN421691322', 'ZBZSFHTW', 'MNMQNOHQ', 'PreferredOne'),
	(41, 'MMN663317876', 'RNHNZLTR', 'UULNUBTB', 'United'),
	(42, 'MMN969160944', 'XAYVXCKC', 'XUXNVCKJ', 'Medica'),
	(43, 'MMN203558590', 'NNOFEZTI', 'YCHZWUJD', 'United'),
	(44, 'MMN839889323', 'TTRUACMN', 'HKPNXQRU', 'Medica'),
	(45, 'MMN806539892', 'SCWTZXYB', 'WSRROAOC', 'Blue Cross Blue Shield'),
	(46, 'MMN369895833', 'WOCTVKFH', 'LJBMJHEE', 'Medica'),
	(47, 'MMN736816813', 'JRWERVHQ', 'ELIIXFIL', 'United'),
	(48, 'MMN367568515', 'WPFGGMEX', 'NXXFRZTT', 'Blue Cross Blue Shield'),
	(49, 'MMN815484603', 'IZMDREKI', 'GYQNKPXC', 'Blue Cross Blue Shield'),
	(50, 'MMN477732196', 'YCHDEHPA', 'FSKUAVPN', 'Medica'),
	(51, 'MMN341255079', 'OVRBUEKU', 'APSDLHVF', 'PreferredOne'),
	(52, 'MMN653899776', 'MNLSFTTT', 'JHWXYEYA', 'Blue Cross Blue Shield'),
	(53, 'MMN722553119', 'HLNGIIXJ', 'FFORAWVK', 'Blue Cross Blue Shield'),
	(54, 'MMN957248249', 'NHKUORTM', 'INBLANCI', 'Medica'),
	(55, 'MMN833877133', 'ALBIZRND', 'EPMYNZKR', 'HealthPartners'),
	(56, 'MMN850610342', 'VXTGIZQK', 'JDHUDXIA', 'PreferredOne'),
	(57, 'MMN573343184', 'OFBTMKBN', 'ASYMOWLD', 'Medica'),
	(58, 'MMN957055859', 'WJURHUFT', 'ALDOJOIV', 'Medica'),
	(59, 'MMN526005207', 'OBYGQQAA', 'QALPIWVH', 'United'),
	(60, 'MMN386272490', 'PWXJHWAN', 'SLZHYKZE', 'PreferredOne'),
	(61, 'MMN298552185', 'AXTDWQZE', 'PJUBMLPH', 'Blue Cross Blue Shield'),
	(62, 'MMN566895405', 'ABESXOLR', 'OEVEPTAW', 'PreferredOne'),
	(63, 'MMN066875451', 'XCYTHAZO', 'JTAACXCE', 'HealthPartners'),
	(64, 'MMN849371055', 'WAZFKBMH', 'EBWZXOTL', 'United'),
	(65, 'MMN881449895', 'JLMKPNMU', 'LMHYFKKY', 'PreferredOne'),
	(66, 'MMN192190831', 'JEIUITON', 'YNVIYOXF', 'HealthPartners'),
	(67, 'MMN152992991', 'SNIOVLKI', 'EFNZEMCM', 'HealthPartners'),
	(68, 'MMN755818680', 'NPUOLJNZ', 'TPMIQCZD', 'HealthPartners'),
	(69, 'MMN714798281', 'AAYVLGYO', 'NOYAOQMV', 'United'),
	(70, 'MMN701871705', 'APVFZTAO', 'FSINAKER', 'Medica'),
	(71, 'MMN401206873', 'XUSDTOKI', 'OSCYJOFK', 'Blue Cross Blue Shield'),
	(72, 'MMN175704957', 'DDHVZNSB', 'CXULDFRR', 'PreferredOne'),
	(73, 'MMN167860918', 'GTXQETGC', 'BFJZHFSK', 'United'),
	(74, 'MMN478231473', 'PIMLNSRZ', 'ZQNMTSUX', 'United'),
	(75, 'MMN335794236', 'YTTWGXNY', 'RSNYSBGJ', 'PreferredOne'),
	(76, 'MMN672732550', 'MWGSBELN', 'MXIICBXF', 'PreferredOne'),
	(77, 'MMN220481347', 'VBTRKCOM', 'HCCVUGUC', 'Medica'),
	(78, 'MMN416657519', 'INALZETR', 'OWXUGVTD', 'Medica'),
	(79, 'MMN624972121', 'RVNVIBVJ', 'FLXBAQFX', 'PreferredOne'),
	(80, 'MMN459614831', 'SBHFDVEV', 'AYGCZHYT', 'United'),
	(81, 'MMN094514048', 'OXXMJGEM', 'MFQYESFA', 'PreferredOne'),
	(82, 'MMN511778670', 'VADVUJKX', 'BHWWMBTQ', 'Medica'),
	(83, 'MMN571877650', 'AGQLUKWM', 'PPFLTGCR', 'PreferredOne'),
	(84, 'MMN979254252', 'HEZJXNZU', 'KEOLRHJI', 'Blue Cross Blue Shield'),
	(85, 'MMN551372802', 'LRODXBOO', 'WMJKFSKT', 'Blue Cross Blue Shield'),
	(86, 'MMN481569456', 'GJKEMULV', 'UTYKANWX', 'HealthPartners'),
	(87, 'MMN214104651', 'LWOUEGJM', 'EVDFVIHW', 'PreferredOne'),
	(88, 'MMN382153228', 'NERNVPKN', 'OPZPCSCN', 'United'),
	(89, 'MMN600039303', 'KSTFHLHP', 'XAZQGQSM', 'HealthPartners'),
	(90, 'MMN427723220', 'KNSVDMJK', 'DBJFXUVF', 'Blue Cross Blue Shield'),
	(91, 'MMN296685743', 'VKBFQZJK', 'SDSAPQFF', 'United'),
	(92, 'MMN833249774', 'FUXEEMBO', 'VGSJDEVR', 'HealthPartners'),
	(93, 'MMN159849813', 'WWPOTGHE', 'RWHPJTUM', 'PreferredOne'),
	(94, 'MMN489684837', 'YKMUTSLY', 'OTSWNRND', 'HealthPartners'),
	(95, 'MMN141286250', 'PQHPASOE', 'ZDOVTKXZ', 'United'),
	(96, 'MMN333054534', 'DRQDJPKG', 'QQCCTCPZ', 'PreferredOne'),
	(97, 'MMN643473572', 'DYKSLFEB', 'CWFMUKWR', 'United'),
	(98, 'MMN582664649', 'IITNKWBV', 'XWRZPHRS', 'HealthPartners'),
	(99, 'MMN003506543', 'BFPEIKCU', 'ZUTVWLLU', 'United'),
	(100, 'MMN477615129', 'MBYEHZUU', 'RMHRGVTK', 'Medica'),
	(101, 'MMN170060585', 'ARFAIIFD', 'DUHKEGXQ', 'Medica'),
	(102, 'MMN318921034', 'MHBLBRTK', 'GZRNNQKV', 'Blue Cross Blue Shield'),
	(103, 'MMN086325471', 'SWLDRVMP', 'ASFKBJIN', 'United'),
	(104, 'MMN439106451', 'GIYKFPJH', 'FTPKEUDK', 'United'),
	(105, 'MMN027432193', 'TPCIAJUP', 'DMRBOZIX', 'United'),
	(106, 'MMN090936433', 'BYSQBEYD', 'AJQJKRPM', 'PreferredOne'),
	(107, 'MMN892557725', 'YDKWRFSO', 'BLFDVVYQ', 'PreferredOne'),
	(108, 'MMN448852599', 'PJAYPLAM', 'GZEZGJWO', 'Blue Cross Blue Shield'),
	(109, 'MMN665832165', 'VRMJMPMD', 'XICCVXOQ', 'Medica'),
	(110, 'MMN818763450', 'BAYKWGGC', 'YSGUEELX', 'PreferredOne'),
	(111, 'MMN286818578', 'EJMAQSQO', 'UXHBIKNG', 'United'),
	(112, 'MMN144381349', 'NHWAARJG', 'UMEEWYNP', 'Medica'),
	(113, 'MMN946561789', 'QXCDXKMD', 'PVQSJRDH', 'HealthPartners'),
	(114, 'MMN948095977', 'TRRRAMHX', 'SHQYVFDE', 'United'),
	(115, 'MMN059428923', 'JXEJJQIY', 'WZMLTIQU', 'PreferredOne'),
	(116, 'MMN231669309', 'IEUISFKA', 'KEDWTPLN', 'United'),
	(117, 'MMN702578133', 'XIYGHYLP', 'MMWQVZWH', 'United'),
	(118, 'MMN694791332', 'GHYMUPVG', 'OGUQFQWB', 'HealthPartners'),
	(119, 'MMN704900465', 'YFIBNMAN', 'WXUSXMVR', 'PreferredOne'),
	(120, 'MMN542307067', 'XHMNYIVK', 'JBMDBJKG', 'HealthPartners'),
	(121, 'MMN102511284', 'MDQHFGUM', 'ACDGNQQI', 'PreferredOne'),
	(122, 'MMN174217320', 'CGIWHQCT', 'VTISFKLM', 'HealthPartners'),
	(123, 'MMN603003230', 'NXPHLFHX', 'FYELZBAI', 'PreferredOne'),
	(124, 'MMN352838943', 'ZWZPAFAE', 'XKTQSJFO', 'United'),
	(125, 'MMN317651010', 'HKVKTBAO', 'PIMYPUTT', 'Blue Cross Blue Shield'),
	(126, 'MMN283418312', 'EWATGZSA', 'BAXBUKQC', 'PreferredOne'),
	(127, 'MMN818305811', 'SVDYPOBM', 'WUEINOYT', 'HealthPartners'),
	(128, 'MMN009894887', 'NLCKSGUO', 'AMPVUILW', 'United'),
	(129, 'MMN424937447', 'IMSKHPIP', 'MWVCMDRV', 'HealthPartners'),
	(130, 'MMN383021458', 'ZKIOQPKH', 'HGZIVAXQ', 'Medica'),
	(131, 'MMN575756714', 'VPQOBTEB', 'FKGQBYCF', 'Medica'),
	(132, 'MMN955985591', 'ENUZFDKG', 'ADWZADTP', 'PreferredOne'),
	(133, 'MMN024137518', 'ISSILONL', 'MRECXTHS', 'United'),
	(134, 'MMN428290494', 'HYBPVRYE', 'NFISDCYQ', 'United'),
	(135, 'MMN013106647', 'BHIASFOA', 'MIMGPLFD', 'Blue Cross Blue Shield'),
	(136, 'MMN775540186', 'VJAXEIOG', 'JZUAKUCQ', 'PreferredOne'),
	(137, 'MMN734905656', 'ZTODOTCW', 'ZDMJYFVQ', 'United'),
	(138, 'MMN408817867', 'OWMZMBFY', 'PINOESPH', 'PreferredOne'),
	(139, 'MMN415827032', 'PNQHDRPB', 'ENFKOXHQ', 'United'),
	(140, 'MMN236020011', 'HQZHBFCE', 'IKGNBJKA', 'United'),
	(141, 'MMN827922482', 'WBZUNKFO', 'SLISHJFF', 'PreferredOne'),
	(142, 'MMN838870563', 'SBYAFUOT', 'AQYMRLLG', 'United'),
	(143, 'MMN710948532', 'QPZCKQZG', 'EXRUDVCL', 'United'),
	(144, 'MMN004378370', 'KAHZCCDC', 'TMOLMSLR', 'United'),
	(145, 'MMN436308238', 'XPHBHOCR', 'MTFXSHHZ', 'PreferredOne'),
	(146, 'MMN667486914', 'OIKMEGZT', 'HDLLDVHU', 'United'),
	(147, 'MMN983235558', 'PEGFDPIQ', 'LCUQQEIG', 'HealthPartners'),
	(148, 'MMN207061702', 'XEWEVFPQ', 'VQCRATIJ', 'Blue Cross Blue Shield'),
	(149, 'MMN258559469', 'ZZNWAOLL', 'YEGKBOJR', 'HealthPartners'),
	(150, 'MMN009889007', 'BPLNPIGO', 'NFSLHNXM', 'Blue Cross Blue Shield'),
	(151, 'MMN355636157', 'SOLJVXBB', 'VJBELNZY', 'Medica'),
	(152, 'MMN761298995', 'RRVAYUEI', 'HCUWDHTS', 'PreferredOne'),
	(153, 'MMN900691594', 'WKUSSQMD', 'WUWEMLXK', 'HealthPartners'),
	(154, 'MMN052856967', 'OFHMGMDL', 'OLRSQRWD', 'Blue Cross Blue Shield'),
	(155, 'MMN723246781', 'ZZGGWUKE', 'YNYSQDRA', 'HealthPartners'),
	(156, 'MMN389630938', 'VZGTHCVN', 'CBFTAVFA', 'United'),
	(157, 'MMN250459732', 'ULVBTUIS', 'KYQHJLDX', 'PreferredOne'),
	(158, 'MMN096795725', 'YJBHCJAU', 'YFYUNSOY', 'United'),
	(159, 'MMN749435068', 'UMSYKJOI', 'IADSHESF', 'HealthPartners'),
	(160, 'MMN331886724', 'BEVPTAMJ', 'FBCDMXVS', 'United'),
	(161, 'MMN817642974', 'SQYKCBYB', 'JBOSIFDF', 'Blue Cross Blue Shield'),
	(162, 'MMN197081339', 'PTPTPYFV', 'FYDUFPMJ', 'Blue Cross Blue Shield'),
	(163, 'MMN314323675', 'OWAVYSCD', 'KFQJZWRE', 'Blue Cross Blue Shield'),
	(164, 'MMN932708106', 'CACBTTLO', 'EOCJSJZP', 'United'),
	(165, 'MMN822866781', 'ZLEZLQUQ', 'LPOBVFDQ', 'PreferredOne'),
	(166, 'MMN784580776', 'NHXDZBJV', 'WKSQICYX', 'Medica'),
	(167, 'MMN686028088', 'RRRGZAHL', 'TICMDAQW', 'PreferredOne'),
	(168, 'MMN932854244', 'BJLWHQOP', 'DKSAWXZW', 'Medica'),
	(169, 'MMN730614944', 'WJOLENRS', 'MNQZOSJV', 'Blue Cross Blue Shield'),
	(170, 'MMN314851180', 'NSJIRWIG', 'ZQFBPXMH', 'Blue Cross Blue Shield'),
	(171, 'MMN433587639', 'EVUGWGWK', 'JTLMPTNZ', 'Medica'),
	(172, 'MMN529014088', 'ODFOPZHE', 'DPDGQULF', 'United'),
	(173, 'MMN576386350', 'NOAEQTKS', 'GAUZCDOU', 'Medica'),
	(174, 'MMN388077436', 'FZHJJFLX', 'IAKZJBMY', 'Medica'),
	(175, 'MMN134174180', 'BQPLLKKJ', 'IEBYDPSA', 'Blue Cross Blue Shield'),
	(176, 'MMN637485024', 'QUDPXLNY', 'IPTAKDEZ', 'United'),
	(177, 'MMN246378617', 'IFCAJZWW', 'WWQKDTVB', 'United'),
	(178, 'MMN477225236', 'UQXETCWA', 'ZJIASFZI', 'HealthPartners'),
	(179, 'MMN987116552', 'HGSIAILH', 'GVHXNVYO', 'Blue Cross Blue Shield'),
	(180, 'MMN076005441', 'APRHRYRO', 'YLXALHNI', 'Blue Cross Blue Shield'),
	(181, 'MMN936338436', 'OCJKUMFR', 'RAWFAWSG', 'United'),
	(182, 'MMN210764070', 'ZCZDMUHN', 'TXWPXNIE', 'Blue Cross Blue Shield'),
	(183, 'MMN205036036', 'ULCTXVAL', 'MTDOTACV', 'HealthPartners'),
	(184, 'MMN487605896', 'LCGWFGSD', 'NDOIWWDJ', 'United'),
	(185, 'MMN844896407', 'WOZFCYIL', 'LVSHEJTT', 'PreferredOne'),
	(186, 'MMN093450149', 'FXQSXSHE', 'EDGCLHOK', 'PreferredOne'),
	(187, 'MMN745829164', 'IHYUVTGD', 'VESFUOCX', 'Medica'),
	(188, 'MMN782870336', 'QXOMOXQO', 'PFUGINGO', 'Medica'),
	(189, 'MMN030794394', 'JUWRYADS', 'UQPCELJX', 'PreferredOne'),
	(190, 'MMN022580086', 'SEVXTSEP', 'IBMHRYLW', 'Medica'),
	(191, 'MMN720677687', 'VGLTEETD', 'OCCIVVGY', 'HealthPartners'),
	(192, 'MMN181885362', 'AERWEALX', 'YZBOERZY', 'PreferredOne'),
	(193, 'MMN464757650', 'CCSXJIMP', 'LOCFYMEZ', 'Medica'),
	(194, 'MMN487308835', 'GUFZLJHA', 'PUHUEDJI', 'Blue Cross Blue Shield'),
	(195, 'MMN697861946', 'ZPGWEBGO', 'CEHINDVY', 'HealthPartners'),
	(196, 'MMN388927397', 'GVENJCBC', 'SEJGJBDN', 'United'),
	(197, 'MMN508533864', 'RODXYMQG', 'LSBBXTLF', 'Medica'),
	(198, 'MMN226052760', 'TMGAMRDS', 'XRMJQDSP', 'Blue Cross Blue Shield'),
	(199, 'MMN898569026', 'BHZURXOQ', 'SRWKULHC', 'PreferredOne'),
	(200, 'MMN359212683', 'TKHNKEHI', 'SNBNEUHI', 'PreferredOne');
/*!40000 ALTER TABLE `insurance` ENABLE KEYS */;

-- Dumping structure for table simpleschedule.locations
DROP TABLE IF EXISTS `locations`;
CREATE TABLE IF NOT EXISTS `locations` (
  `id` int(11) NOT NULL,
  `city` varchar(30) NOT NULL,
  `state` varchar(2) NOT NULL,
  PRIMARY KEY (`id`)
) ENGINE=InnoDB DEFAULT CHARSET=latin1;

-- Dumping data for table simpleschedule.locations: ~3 rows (approximately)
/*!40000 ALTER TABLE `locations` DISABLE KEYS */;
INSERT INTO `locations` (`id`, `city`, `state`) VALUES
	(1, 'Minneapolis', 'MN'),
	(2, 'St. Paul', 'MN'),
	(3, 'Superior', 'WI');
/*!40000 ALTER TABLE `locations` ENABLE KEYS */;

-- Dumping structure for table simpleschedule.patients
DROP TABLE IF EXISTS `patients`;
CREATE TABLE IF NOT EXISTS `patients` (
  `id` int(11) NOT NULL,
  `namef` varchar(40) NOT NULL,
  `namel` varchar(40) NOT NULL,
  `dob` date NOT NULL,
  `primaryid` int(11) DEFAULT NULL,
  `insuranceid` varchar(12) DEFAULT NULL,
  PRIMARY KEY (`id`)
) ENGINE=InnoDB DEFAULT CHARSET=latin1;

-- Dumping data for table simpleschedule.patients: ~200 rows (approximately)
/*!40000 ALTER TABLE `patients` DISABLE KEYS */;
INSERT INTO `patients` (`id`, `namef`, `namel`, `dob`, `primaryid`, `insuranceid`) VALUES
	(1, 'Terri', 'Merrihew', '1978-11-18', 3, NULL),
	(2, 'Lurline', 'Roberge', '1993-05-10', 6, NULL),
	(3, 'Murray', 'Delagarza', '1952-01-17', 4, NULL),
	(4, 'Erma', 'Shivers', '1981-07-14', 3, NULL),
	(5, 'Kesha', 'Vanegas', '1990-03-29', 6, NULL),
	(6, 'Johnsie', 'Chauez', '2003-04-12', 6, NULL),
	(7, 'Delbert', 'Si', '1951-07-25', 4, NULL),
	(8, 'Jamison', 'Metoyer', '1936-09-20', 4, NULL),
	(9, 'Minda', 'Rockhold', '1963-09-08', 2, NULL),
	(10, 'Eleanore', 'Diblasi', '1989-09-22', 2, NULL),
	(11, 'Angeles', 'Dimatteo', '1963-02-24', 3, NULL),
	(12, 'Somer', 'Bakley', '1939-06-18', 3, NULL),
	(13, 'Micheal', 'Errico', '1960-10-05', 6, NULL),
	(14, 'Nubia', 'Gonsalez', '1950-02-03', 1, NULL),
	(15, 'Calandra', 'Solorzano', '1980-09-29', 6, NULL),
	(16, 'Gwendolyn', 'Abee', '2019-03-11', 3, NULL),
	(17, 'Laurel', 'Siemers', '1983-04-16', 5, NULL),
	(18, 'Kimberli', 'Iannuzzi', '2002-12-28', 6, NULL),
	(19, 'Shawanda', 'Cai', '1946-02-27', 2, NULL),
	(20, 'Tanner', 'Donat', '1960-04-08', 6, NULL),
	(21, 'Tawanna', 'Groves', '2000-10-23', 5, NULL),
	(22, 'Broderick', 'Ruehl', '1941-12-17', 2, NULL),
	(23, 'Lanie', 'Stoute', '1964-04-27', 6, NULL),
	(24, 'Eldora', 'Brouse', '1953-01-22', 5, NULL),
	(25, 'Grace', 'Paavola', '2000-05-25', 1, NULL),
	(26, 'Soila', 'Gillette', '2020-04-10', 1, NULL),
	(27, 'Mindi', 'Fiorentino', '2004-02-27', 5, NULL),
	(28, 'Claudie', 'Greening', '1997-06-30', 4, NULL),
	(29, 'Viva', 'Mckeehan', '1972-05-30', 1, NULL),
	(30, 'Tasha', 'Corkery', '1940-10-04', 4, NULL),
	(31, 'Mandi', 'Pyles', '2008-08-13', 5, NULL),
	(32, 'Gayla', 'Hodapp', '2011-08-09', 5, NULL),
	(33, 'Selina', 'Colton', '1996-07-16', 4, NULL),
	(34, 'Tuan', 'Tozier', '1941-09-16', 4, NULL),
	(35, 'Lavonna', 'Kissel', '1989-11-06', 4, NULL),
	(36, 'Taisha', 'Belmont', '1950-09-19', 2, NULL),
	(37, 'Norene', 'Culver', '1987-08-28', 5, NULL),
	(38, 'Sina', 'Flynt', '1933-01-07', 5, NULL),
	(39, 'Marie', 'Loop', '1991-07-20', 2, NULL),
	(40, 'Hai', 'Chiou', '2008-09-11', 1, NULL),
	(41, 'Omer', 'Bogardus', '1979-07-12', 5, NULL),
	(42, 'Loren', 'Renfrew', '1956-06-23', 4, NULL),
	(43, 'Corie', 'Modica', '1942-09-25', 4, NULL),
	(44, 'Guillermo', 'Starke', '2008-06-28', 6, NULL),
	(45, 'Dayle', 'Vannoy', '1949-04-15', 6, NULL),
	(46, 'Shauna', 'Geary', '1980-08-04', 3, NULL),
	(47, 'Zora', 'Martel', '1974-01-13', 5, NULL),
	(48, 'Jessica', 'Bomar', '2007-10-28', 5, NULL),
	(49, 'Bettie', 'Kielbasa', '1952-11-18', 5, NULL),
	(50, 'Candance', 'Cupples', '2016-07-03', 2, NULL),
	(51, 'Lavon', 'Kreitzer', '1997-06-17', 4, NULL),
	(52, 'Raven', 'Batson', '1971-07-02', 4, NULL),
	(53, 'Tiffani', 'Roe', '1975-06-23', 1, NULL),
	(54, 'Emmaline', 'Finley', '2018-09-03', 4, NULL),
	(55, 'Florida', 'Iwamoto', '1987-04-01', 1, NULL),
	(56, 'Jin', 'Isler', '1935-01-11', 1, NULL),
	(57, 'Barb', 'Pass', '1968-07-23', 3, NULL),
	(58, 'Harlan', 'Nathanson', '1980-05-21', 1, NULL),
	(59, 'Kaye', 'Broce', '2020-05-18', 3, NULL),
	(60, 'Cecille', 'Kucharski', '1934-10-16', 5, NULL),
	(61, 'Kortney', 'Karsten', '2013-06-22', 6, NULL),
	(62, 'Ivey', 'Caro', '1950-03-20', 4, NULL),
	(63, 'Lasandra', 'Kendrick', '1998-05-29', 3, NULL),
	(64, 'Antoine', 'Clogston', '1934-06-12', 3, NULL),
	(65, 'Adeline', 'Kloss', '1956-08-31', 2, NULL),
	(66, 'Kizzie', 'Leanos', '1937-06-18', 5, NULL),
	(67, 'Jamal', 'Mazzotta', '1932-01-12', 6, NULL),
	(68, 'Jetta', 'Postell', '1934-09-27', 6, NULL),
	(69, 'Craig', 'Hinkel', '2014-12-12', 5, NULL),
	(70, 'Joann', 'Blass', '1947-07-15', 4, NULL),
	(71, 'Lilia', 'Modlin', '1982-06-06', 1, NULL),
	(72, 'Everette', 'Welle', '1980-12-29', 1, NULL),
	(73, 'Rosana', 'Spector', '1943-05-04', 4, NULL),
	(74, 'Kellye', 'Batdorf', '2009-12-06', 1, NULL),
	(75, 'Joellen', 'Pizzo', '1987-08-20', 4, NULL),
	(76, 'Hee', 'Nguyen', '1933-09-11', 2, NULL),
	(77, 'Kirk', 'Mckeehan', '2007-10-20', 2, NULL),
	(78, 'Annamaria', 'Gorder', '2017-06-30', 2, NULL),
	(79, 'Katrice', 'Mallari', '1939-09-21', 6, NULL),
	(80, 'Reynalda', 'Pua', '1972-11-11', 1, NULL),
	(81, 'Clyde', 'Zamudio', '2001-10-29', 5, NULL),
	(82, 'Emerita', 'Tingle', '1994-09-30', 1, NULL),
	(83, 'Lauran', 'Worm', '1947-12-03', 6, NULL),
	(84, 'Lahoma', 'Rosen', '1958-05-27', 4, NULL),
	(85, 'Noel', 'Harvey', '1964-08-15', 3, NULL),
	(86, 'Maryjo', 'Knaus', '2000-04-04', 5, NULL),
	(87, 'Soon', 'Mazzeo', '1952-08-11', 5, NULL),
	(88, 'Beatris', 'Witham', '1999-08-23', 1, NULL),
	(89, 'Ok', 'Lafever', '2003-07-06', 1, NULL),
	(90, 'Maris', 'Proudfoot', '1978-09-20', 1, NULL),
	(91, 'Valentin', 'Alfano', '1999-04-24', 4, NULL),
	(92, 'Vesta', 'Stout', '1951-04-23', 6, NULL),
	(93, 'Noble', 'Guilbert', '1962-01-30', 2, NULL),
	(94, 'Freeman', 'Byers', '2006-11-28', 5, NULL),
	(95, 'Dayna', 'Russi', '2010-09-18', 2, NULL),
	(96, 'Lincoln', 'Felch', '1976-07-01', 4, NULL),
	(97, 'Zella', 'Duffy', '1993-11-01', 6, NULL),
	(98, 'Morris', 'Thornell', '1973-12-22', 2, NULL),
	(99, 'Diana', 'Lu', '1954-02-16', 4, NULL),
	(100, 'Ruthann', 'Lockhart', '1949-04-28', 5, NULL),
	(101, 'Romaine', 'Leroy', '1945-08-05', 1, NULL),
	(102, 'Lisbeth', 'Hamill', '1965-11-17', 6, NULL),
	(103, 'Jerrod', 'Heaston', '1989-01-02', 4, NULL),
	(104, 'Nathanael', 'Okafor', '1977-02-28', 6, NULL),
	(105, 'Carmelo', 'Nash', '2002-05-02', 1, NULL),
	(106, 'Katrice', 'Brimage', '2003-09-13', 5, NULL),
	(107, 'Imogene', 'Rawles', '2002-05-24', 2, NULL),
	(108, 'Susan', 'Church', '1932-04-17', 2, NULL),
	(109, 'Deadra', 'Greathouse', '1973-05-04', 5, NULL),
	(110, 'Loise', 'Mey', '1940-11-22', 2, NULL),
	(111, 'Piper', 'Thornley', '1950-07-10', 1, NULL),
	(112, 'Charlesetta', 'Callahan', '1978-10-31', 1, NULL),
	(113, 'Duncan', 'Simmonds', '1983-05-21', 4, NULL),
	(114, 'Keeley', 'Mishoe', '2012-03-11', 6, NULL),
	(115, 'Hellen', 'Simeon', '2015-02-23', 5, NULL),
	(116, 'Dorris', 'Voss', '1957-01-09', 6, NULL),
	(117, 'Lura', 'Nova', '1952-12-31', 5, NULL),
	(118, 'Johnathan', 'Denby', '1981-01-11', 1, NULL),
	(119, 'Frances', 'Mcferrin', '2005-06-08', 4, NULL),
	(120, 'Keturah', 'Loose', '1961-06-11', 4, NULL),
	(121, 'Lester', 'Hamiton', '1937-03-03', 1, NULL),
	(122, 'Lucius', 'Trostle', '1961-01-05', 5, NULL),
	(123, 'Jermaine', 'Steckel', '1931-09-01', 3, NULL),
	(124, 'Etsuko', 'Kuster', '1987-04-23', 6, NULL),
	(125, 'Jettie', 'Halper', '2001-11-04', 2, NULL),
	(126, 'Alix', 'Windholz', '2000-03-04', 5, NULL),
	(127, 'Walker', 'Caicedo', '2017-06-29', 4, NULL),
	(128, 'Enola', 'Rawlinson', '1997-07-07', 3, NULL),
	(129, 'Soon', 'Pine', '1941-05-25', 3, NULL),
	(130, 'Reginald', 'Haig', '1944-11-12', 3, NULL),
	(131, 'Janella', 'Horvath', '1943-09-04', 3, NULL),
	(132, 'Alise', 'Paden', '1995-01-30', 4, NULL),
	(133, 'Remona', 'Polinsky', '1995-10-11', 6, NULL),
	(134, 'Sabina', 'Vanostrand', '1984-04-03', 6, NULL),
	(135, 'Ashanti', 'Bottorff', '2018-10-28', 2, NULL),
	(136, 'Geralyn', 'Vreeland', '1994-06-12', 5, NULL),
	(137, 'Chere', 'Diep', '1975-05-03', 1, NULL),
	(138, 'Garry', 'Montana', '2011-11-10', 2, NULL),
	(139, 'Zulma', 'Regina', '2017-01-05', 4, NULL),
	(140, 'Alysha', 'Mero', '1945-01-22', 6, NULL),
	(141, 'Fredric', 'Kneeland', '2003-06-22', 4, NULL),
	(142, 'Kendrick', 'Kimler', '2013-02-26', 2, NULL),
	(143, 'Elvia', 'House', '1945-09-03', 4, NULL),
	(144, 'Vito', 'Guion', '1999-02-16', 1, NULL),
	(145, 'Jenny', 'Jesus', '1993-12-08', 5, NULL),
	(146, 'Robt', 'Tarbell', '1937-08-23', 1, NULL),
	(147, 'Yvonne', 'Mcgough', '1970-03-01', 1, NULL),
	(148, 'Shirlee', 'Meister', '1952-04-04', 1, NULL),
	(149, 'Hugo', 'Moody', '1960-07-31', 5, NULL),
	(150, 'Jamar', 'Toy', '1995-06-27', 2, NULL),
	(151, 'Ashleigh', 'Heister', '1967-02-05', 6, NULL),
	(152, 'Aletha', 'Tinnin', '1942-12-14', 3, NULL),
	(153, 'Bryant', 'Spiegel', '1988-05-26', 1, NULL),
	(154, 'Jeanmarie', 'Delmonte', '1940-06-19', 3, NULL),
	(155, 'Arnita', 'Pacelli', '1954-01-11', 2, NULL),
	(156, 'Viva', 'Storie', '1998-09-25', 4, NULL),
	(157, 'Fran', 'Troyer', '2007-08-05', 4, NULL),
	(158, 'Rupert', 'Armenta', '1932-10-17', 3, NULL),
	(159, 'Sherell', 'Matinez', '2000-07-04', 6, NULL),
	(160, 'Katheryn', 'Ek', '2009-01-03', 6, NULL),
	(161, 'Letha', 'Hunsicker', '2017-09-16', 1, NULL),
	(162, 'Marita', 'Batiste', '2013-05-29', 1, NULL),
	(163, 'Jeniffer', 'Ogles', '2020-08-17', 3, NULL),
	(164, 'Leroy', 'Theis', '1961-01-02', 1, NULL),
	(165, 'Winford', 'Rathburn', '2017-07-29', 2, NULL),
	(166, 'Teofila', 'Buscher', '1987-08-06', 1, NULL),
	(167, 'Leona', 'Carbajal', '2013-01-03', 6, NULL),
	(168, 'Sharla', 'Brocato', '1983-02-11', 3, NULL),
	(169, 'Vella', 'Pryce', '1952-08-13', 4, NULL),
	(170, 'Ardelia', 'Pane', '1972-06-06', 5, NULL),
	(171, 'Ahmad', 'Akins', '2000-04-29', 4, NULL),
	(172, 'Glinda', 'Hopf', '1990-07-28', 1, NULL),
	(173, 'Trinity', 'Gu', '1971-06-18', 1, NULL),
	(174, 'Wendie', 'Blomgren', '1985-10-19', 6, NULL),
	(175, 'Bernardina', 'Wiemer', '1961-07-21', 3, NULL),
	(176, 'Evalyn', 'Parkerson', '2020-09-13', 6, NULL),
	(177, 'Marietta', 'Iskra', '1945-02-09', 2, NULL),
	(178, 'Idella', 'Molnar', '1974-04-02', 5, NULL),
	(179, 'Niki', 'Germano', '2015-07-16', 2, NULL),
	(180, 'Freddie', 'Doerr', '1967-11-09', 1, NULL),
	(181, 'Walker', 'Coppedge', '1971-10-15', 5, NULL),
	(182, 'Dillon', 'Boxer', '1970-08-06', 2, NULL),
	(183, 'Leonida', 'Patino', '1990-09-07', 6, NULL),
	(184, 'Joleen', 'Canale', '1945-10-25', 1, NULL),
	(185, 'Elroy', 'Rosse', '1994-03-13', 6, NULL),
	(186, 'Veta', 'Bordeaux', '1983-06-03', 3, NULL),
	(187, 'Maricruz', 'Mcnish', '2006-11-02', 4, NULL),
	(188, 'Rosalina', 'Reay', '1950-02-25', 1, NULL),
	(189, 'Theressa', 'Durrah', '1970-01-03', 2, NULL),
	(190, 'Eleonor', 'Pichette', '1989-10-29', 6, NULL),
	(191, 'Shelia', 'Schwartzberg', '1995-09-03', 6, NULL),
	(192, 'Archie', 'Macfarlane', '1994-11-30', 1, NULL),
	(193, 'Yoshie', 'Botsford', '1952-09-26', 3, NULL),
	(194, 'Shala', 'Deleo', '1931-10-28', 5, NULL),
	(195, 'Fairy', 'Epling', '1964-12-16', 3, NULL),
	(196, 'Tora', 'Munsell', '1983-04-10', 3, NULL),
	(197, 'Kylee', 'Hofman', '1979-05-24', 3, NULL),
	(198, 'Tania', 'Shock', '1944-04-22', 5, NULL),
	(199, 'Magdalen', 'Currence', '1960-06-03', 6, NULL),
	(200, 'Anderson', 'Mayoral', '2001-08-13', 4, NULL);
/*!40000 ALTER TABLE `patients` ENABLE KEYS */;

-- Dumping structure for table simpleschedule.sequence
DROP TABLE IF EXISTS `sequence`;
CREATE TABLE IF NOT EXISTS `sequence` (
  `SEQ_NAME` varchar(50) NOT NULL,
  `SEQ_COUNT` decimal(38,0) DEFAULT NULL,
  PRIMARY KEY (`SEQ_NAME`)
) ENGINE=InnoDB DEFAULT CHARSET=latin1;

-- Dumping data for table simpleschedule.sequence: ~1 rows (approximately)
/*!40000 ALTER TABLE `sequence` DISABLE KEYS */;
INSERT INTO `sequence` (`SEQ_NAME`, `SEQ_COUNT`) VALUES
	('SEQ_GEN', 50);
/*!40000 ALTER TABLE `sequence` ENABLE KEYS */;

-- Dumping structure for table simpleschedule.staff
DROP TABLE IF EXISTS `staff`;
CREATE TABLE IF NOT EXISTS `staff` (
  `id` int(11) NOT NULL,
  `namef` varchar(40) NOT NULL,
  `namel` varchar(40) NOT NULL,
  `locationid` int(11) DEFAULT NULL,
  `title` varchar(40) NOT NULL,
  PRIMARY KEY (`id`),
  KEY `locationid` (`locationid`),
  CONSTRAINT `staff_ibfk_1` FOREIGN KEY (`locationid`) REFERENCES `locations` (`id`)
) ENGINE=InnoDB DEFAULT CHARSET=latin1;

-- Dumping data for table simpleschedule.staff: ~53 rows (approximately)
/*!40000 ALTER TABLE `staff` DISABLE KEYS */;
INSERT INTO `staff` (`id`, `namef`, `namel`, `locationid`, `title`) VALUES
	(1, 'Aide', 'Pelham', 2, 'Doctor'),
	(2, 'Milagros', 'Watters', 3, 'Doctor'),
	(3, 'Kathryn', 'Bravo', 1, 'Doctor'),
	(4, 'Eve', 'Wolford', 1, 'Doctor'),
	(5, 'Librada', 'Whitener', 2, 'Doctor'),
	(6, 'Ellis', 'Leibowitz', 3, 'Doctor'),
	(7, 'Arnold', 'Sand', 2, 'Registered Nurse'),
	(8, 'Cori', 'Aronowitz', 3, 'Receptionist'),
	(9, 'Simonne', 'Minns', 1, 'Patient Services'),
	(10, 'Tayna', 'Labounty', 2, 'Nursing Assitant'),
	(11, 'Nathanial', 'Coffer', 3, 'Nursing Assitant'),
	(12, 'Aida', 'Lukasik', 1, 'Nursing Assitant'),
	(13, 'Danika', 'Hiott', 1, 'Receptionist'),
	(14, 'Tomoko', 'Neale', 1, 'Nursing Assitant'),
	(15, 'Roxanna', 'Kielbasa', 1, 'Patient Services'),
	(16, 'Tameika', 'Stalder', 2, 'Registered Nurse'),
	(17, 'Dong', 'Obando', 3, 'Technician'),
	(18, 'Lon', 'Morehouse', 3, 'Billing'),
	(19, 'Lacy', 'Baccus', 1, 'Registered Nurse'),
	(20, 'Virgie', 'Mccrae', 2, 'Receptionist'),
	(21, 'Elroy', 'Kulik', 1, 'Receptionist'),
	(22, 'Shavonne', 'Vizcaino', 2, 'Technician'),
	(23, 'Cristobal', 'Beausoleil', 2, 'Billing'),
	(24, 'Liana', 'Mulhern', 2, 'Nursing Assitant'),
	(25, 'Carmelia', 'Littlefield', 1, 'Billing'),
	(26, 'Shira', 'Goldstein', 1, 'Patient Services'),
	(27, 'Cathie', 'Clark', 2, 'Patient Services'),
	(28, 'Deana', 'Roseman', 2, 'Receptionist'),
	(29, 'Kirsten', 'Dunne', 2, 'Receptionist'),
	(30, 'Jeniffer', 'Vogt', 2, 'Registered Nurse'),
	(31, 'Marcellus', 'Corning', 1, 'Technician'),
	(32, 'Jerald', 'Sheckler', 2, 'Nursing Assitant'),
	(33, 'Stephan', 'Hamid', 2, 'Patient Services'),
	(34, 'Ethelene', 'Ogburn', 1, 'Nursing Assitant'),
	(35, 'Oscar', 'Kirsh', 3, 'Nursing Assitant'),
	(36, 'Jazmine', 'Lipson', 3, 'Receptionist'),
	(37, 'Terrell', 'Tocci', 1, 'Patient Services'),
	(38, 'Kimiko', 'Vanasse', 3, 'Technician'),
	(39, 'Towanda', 'Kruse', 3, 'Billing'),
	(40, 'Roland', 'Kopec', 1, 'Receptionist'),
	(41, 'Chia', 'Lora', 2, 'Technician'),
	(42, 'Raelene', 'Wedeking', 3, 'Technician'),
	(43, 'Mack', 'Manfredi', 3, 'Patient Services'),
	(44, 'Yajaira', 'Barris', 3, 'Billing'),
	(45, 'Shu', 'Atkison', 2, 'Registered Nurse'),
	(46, 'Marvin', 'Bethune', 2, 'Receptionist'),
	(47, 'Thomasine', 'Haynie', 1, 'Nursing Assitant'),
	(48, 'Michael', 'Zakrzewski', 2, 'Nursing Assitant'),
	(49, 'Ellena', 'Schweitzer', 2, 'Patient Services'),
	(50, 'Jami', 'Chauvin', 1, 'Billing'),
	(51, 'Elias', 'Weiser', 2, 'Registered Nurse'),
	(52, 'Novella', 'Kemmer', 2, 'Receptionist'),
	(53, 'Brant', 'Ruffo', 2, 'Receptionist');
/*!40000 ALTER TABLE `staff` ENABLE KEYS */;

/*!40101 SET SQL_MODE=IFNULL(@OLD_SQL_MODE, '') */;
/*!40014 SET FOREIGN_KEY_CHECKS=IFNULL(@OLD_FOREIGN_KEY_CHECKS, 1) */;
/*!40101 SET CHARACTER_SET_CLIENT=@OLD_CHARACTER_SET_CLIENT */;
/*!40111 SET SQL_NOTES=IFNULL(@OLD_SQL_NOTES, 1) */;
