-- --------------------------------------------------------
-- Host:                         127.0.0.1
-- Server version:               10.5.8-MariaDB - mariadb.org binary distribution
-- Server OS:                    Win64
-- HeidiSQL Version:             11.2.0.6213
-- --------------------------------------------------------

/*!40101 SET @OLD_CHARACTER_SET_CLIENT=@@CHARACTER_SET_CLIENT */;
/*!40101 SET NAMES utf8 */;
/*!50503 SET NAMES utf8mb4 */;
/*!40014 SET @OLD_FOREIGN_KEY_CHECKS=@@FOREIGN_KEY_CHECKS, FOREIGN_KEY_CHECKS=0 */;
/*!40101 SET @OLD_SQL_MODE=@@SQL_MODE, SQL_MODE='NO_AUTO_VALUE_ON_ZERO' */;
/*!40111 SET @OLD_SQL_NOTES=@@SQL_NOTES, SQL_NOTES=0 */;


-- Dumping database structure for simpleschedule
DROP DATABASE IF EXISTS `simpleschedule`;
CREATE DATABASE IF NOT EXISTS `simpleschedule` /*!40100 DEFAULT CHARACTER SET latin1 */;
USE `simpleschedule`;

-- Dumping structure for table simpleschedule.appointments
DROP TABLE IF EXISTS `appointments`;
CREATE TABLE IF NOT EXISTS `appointments` (
  `id` int(11) NOT NULL,
  `date` date DEFAULT NULL,
  `locationId` int(11) DEFAULT NULL,
  `patientId` int(11) DEFAULT NULL,
  `primaryId` int(11) DEFAULT NULL,
  `timeEnd` time DEFAULT NULL,
  `timeStart` time DEFAULT NULL,
  PRIMARY KEY (`id`)
) ENGINE=InnoDB DEFAULT CHARSET=latin1;

-- Dumping data for table simpleschedule.appointments: ~0 rows (approximately)
/*!40000 ALTER TABLE `appointments` DISABLE KEYS */;
/*!40000 ALTER TABLE `appointments` ENABLE KEYS */;

-- Dumping structure for table simpleschedule.contacts
DROP TABLE IF EXISTS `contacts`;
CREATE TABLE IF NOT EXISTS `contacts` (
  `patientid` int(11) NOT NULL,
  `email` varchar(255) NOT NULL,
  `phone1` bigint(20) NOT NULL,
  `phone2` bigint(20) DEFAULT NULL,
  `phone3` bigint(20) DEFAULT NULL,
  PRIMARY KEY (`patientid`)
) ENGINE=InnoDB DEFAULT CHARSET=latin1;

-- Dumping data for table simpleschedule.contacts: ~200 rows (approximately)
/*!40000 ALTER TABLE `contacts` DISABLE KEYS */;
INSERT INTO `contacts` (`patientid`, `email`, `phone1`, `phone2`, `phone3`) VALUES
	(1, 'terrimerrihew@gmail.com', 9527688100, NULL, NULL),
	(2, 'lurlineroberge@aol.com', 6124990631, 7154286763, 6120420102),
	(3, 'mdelagarza@yahoo.com', 7638893405, NULL, NULL),
	(4, 'eshivers@aol.com', 6127607422, 6514027187, 6515224844),
	(5, 'kvanegas@outlook.com', 6519952522, NULL, NULL),
	(6, 'johnsiechauez@yahoo.com', 7632511230, 2184426967, NULL),
	(7, 'dsi@hotmail.com', 9527489956, 2188498841, NULL),
	(8, 'jmetoyer@hotmail.com', 7157590642, 9526945978, 5343968241),
	(9, 'mindarockhold@yahoo.com', 3204089936, 7630469822, NULL),
	(10, 'ediblasi@hotmail.com', 5340833265, 7638020682, NULL),
	(11, 'angelesdimatteo@hotmail.com', 7151076993, NULL, NULL),
	(12, 'sbakley@hotmail.com', 3204757104, NULL, NULL),
	(13, 'merrico@yahoo.com', 7158642824, 6121861927, NULL),
	(14, 'ngonsalez@gmail.com', 9520477572, 9521370591, 9526807106),
	(15, 'csolorzano@outlook.com', 3203796053, NULL, NULL),
	(16, 'gabee@hotmail.com', 9525957425, 6519160524, NULL),
	(17, 'laurelsiemers@outlook.com', 2187030671, NULL, NULL),
	(18, 'kiannuzzi@outlook.com', 7636133636, 2189296910, 3203338927),
	(19, 'scai@gmail.com', 6516606244, 3203194835, NULL),
	(20, 'tannerdonat@hotmail.com', 2186809254, 6514293963, 5342761269),
	(21, 'tgroves@yahoo.com', 9529369326, NULL, NULL),
	(22, 'broderickruehl@gmail.com', 3208099082, NULL, NULL),
	(23, 'laniestoute@aol.com', 2184947102, NULL, NULL),
	(24, 'ebrouse@yahoo.com', 7156420869, NULL, NULL),
	(25, 'gracepaavola@gmail.com', 5348409412, NULL, NULL),
	(26, 'sgillette@aol.com', 6516939741, 3209000200, NULL),
	(27, 'mindifiorentino@outlook.com', 6128713323, 6122680223, 6123174589),
	(28, 'claudiegreening@aol.com', 9522679921, 5345429430, 6128569859),
	(29, 'vivamckeehan@gmail.com', 6510429372, 9527637948, 7154752834),
	(30, 'tcorkery@aol.com', 5343154373, NULL, NULL),
	(31, 'mandipyles@outlook.com', 7635520543, NULL, NULL),
	(32, 'gaylahodapp@yahoo.com', 3205242743, 7635168646, NULL),
	(33, 'selinacolton@hotmail.com', 6128889384, 3208403418, NULL),
	(34, 'ttozier@aol.com', 6517254390, 9522876575, NULL),
	(35, 'lavonnakissel@hotmail.com', 6128355566, NULL, NULL),
	(36, 'taishabelmont@outlook.com', 3207222729, NULL, NULL),
	(37, 'noreneculver@outlook.com', 7635829301, NULL, NULL),
	(38, 'sflynt@aol.com', 3202647331, NULL, NULL),
	(39, 'marieloop@gmail.com', 6128599709, NULL, NULL),
	(40, 'hchiou@aol.com', 6517036390, 9524696600, 6515120545),
	(41, 'omerbogardus@yahoo.com', 6519485265, 2189577633, 6510183893),
	(42, 'lrenfrew@gmail.com', 7638456467, 7637109858, 7637986133),
	(43, 'cmodica@hotmail.com', 3201826401, NULL, NULL),
	(44, 'guillermostarke@aol.com', 9521823290, 3202970902, NULL),
	(45, 'dvannoy@aol.com', 9527343271, 9523416400, 6124806690),
	(46, 'sgeary@aol.com', 9526530975, NULL, NULL),
	(47, 'zoramartel@gmail.com', 7153294628, 6124593157, 3207784111),
	(48, 'jessicabomar@aol.com', 2188543243, 2185735920, 7152288013),
	(49, 'bettiekielbasa@gmail.com', 7633784951, 2180011610, NULL),
	(50, 'ccupples@aol.com', 7155800688, NULL, NULL),
	(51, 'lkreitzer@outlook.com', 9522382269, NULL, NULL),
	(52, 'rbatson@hotmail.com', 7633026017, 9528662293, 3207628616),
	(53, 'troe@hotmail.com', 9527204485, NULL, NULL),
	(54, 'efinley@gmail.com', 6125075457, NULL, NULL),
	(55, 'floridaiwamoto@outlook.com', 2182888120, 6510814576, 6124310496),
	(56, 'jisler@gmail.com', 7639845465, NULL, NULL),
	(57, 'bpass@yahoo.com', 2184022555, 9527152768, NULL),
	(58, 'harlannathanson@hotmail.com', 7630913954, 7631367360, NULL),
	(59, 'kayebroce@yahoo.com', 6510503191, 6514839988, 6515721367),
	(60, 'ckucharski@yahoo.com', 6121588838, 2183228922, 9526366127),
	(61, 'kkarsten@yahoo.com', 2185263948, NULL, NULL),
	(62, 'iveycaro@yahoo.com', 7639882371, 2187307473, NULL),
	(63, 'lasandrakendrick@yahoo.com', 3209454456, NULL, NULL),
	(64, 'antoineclogston@outlook.com', 7632196372, NULL, NULL),
	(65, 'adelinekloss@outlook.com', 5348883091, 5343538812, 7632610198),
	(66, 'kleanos@hotmail.com', 7632886528, NULL, NULL),
	(67, 'jamalmazzotta@hotmail.com', 3202206121, 7158984335, NULL),
	(68, 'jpostell@outlook.com', 2185669797, 7638572258, NULL),
	(69, 'chinkel@yahoo.com', 6511082187, 6517778599, NULL),
	(70, 'joannblass@gmail.com', 7153313296, NULL, NULL),
	(71, 'lmodlin@yahoo.com', 9526218597, 3205874145, 7633047848),
	(72, 'everettewelle@hotmail.com', 9525414098, 6128973374, NULL),
	(73, 'rosanaspector@outlook.com', 7631119604, 6128435656, NULL),
	(74, 'kellyebatdorf@yahoo.com', 7637234898, NULL, NULL),
	(75, 'jpizzo@outlook.com', 9521469735, 2181789393, 3205452391),
	(76, 'hnguyen@gmail.com', 6511178361, NULL, NULL),
	(77, 'kmckeehan@hotmail.com', 3203626579, 3205008963, 6515427308),
	(78, 'agorder@gmail.com', 5343981659, 9528277191, 3208366900),
	(79, 'katricemallari@yahoo.com', 2180237886, NULL, NULL),
	(80, 'reynaldapua@aol.com', 6126611014, 7154096422, NULL),
	(81, 'czamudio@hotmail.com', 6516871665, 9521461870, 6128496925),
	(82, 'etingle@yahoo.com', 5340185685, NULL, NULL),
	(83, 'lauranworm@aol.com', 6512181761, 2189213623, NULL),
	(84, 'lrosen@aol.com', 9529914988, 6126744324, NULL),
	(85, 'nharvey@aol.com', 7637814643, 9526270504, 6124801052),
	(86, 'maryjoknaus@gmail.com', 9528654503, NULL, NULL),
	(87, 'soonmazzeo@hotmail.com', 7157134922, 7637179290, NULL),
	(88, 'beatriswitham@hotmail.com', 6126382545, NULL, NULL),
	(89, 'olafever@gmail.com', 7636644527, 2180650145, 6511359712),
	(90, 'marisproudfoot@yahoo.com', 3201842537, 6515202859, NULL),
	(91, 'valfano@gmail.com', 6510673192, NULL, NULL),
	(92, 'vestastout@hotmail.com', 9526445932, 6514136623, NULL),
	(93, 'nguilbert@aol.com', 2182352260, 6510445968, 6121424261),
	(94, 'fbyers@gmail.com', 7635297261, NULL, NULL),
	(95, 'daynarussi@gmail.com', 6123151261, 6517047240, 3205415451),
	(96, 'lincolnfelch@hotmail.com', 6128293208, 6518323524, 5344414932),
	(97, 'zelladuffy@hotmail.com', 2180124185, 6127478109, NULL),
	(98, 'morristhornell@hotmail.com', 2189348016, NULL, NULL),
	(99, 'dianalu@outlook.com', 6123527946, 6124894110, 9524556420),
	(100, 'ruthannlockhart@yahoo.com', 6514608781, NULL, NULL),
	(101, 'rleroy@yahoo.com', 9524966232, NULL, NULL),
	(102, 'lisbethhamill@yahoo.com', 3200317827, NULL, NULL),
	(103, 'jerrodheaston@outlook.com', 2186765771, NULL, NULL),
	(104, 'nathanaelokafor@yahoo.com', 5348397059, 6511066459, NULL),
	(105, 'cnash@outlook.com', 6510133639, 6128097585, NULL),
	(106, 'katricebrimage@gmail.com', 3207160902, 9521106060, NULL),
	(107, 'imogenerawles@gmail.com', 6516953550, NULL, NULL),
	(108, 'susanchurch@aol.com', 6511979198, 2188797640, 3209664975),
	(109, 'dgreathouse@outlook.com', 6517788900, NULL, NULL),
	(110, 'loisemey@outlook.com', 6125782326, NULL, NULL),
	(111, 'piperthornley@gmail.com', 9520969412, 6126000340, 2187532865),
	(112, 'ccallahan@gmail.com', 7638496562, NULL, NULL),
	(113, 'duncansimmonds@outlook.com', 2185257615, 6510739841, 3203209836),
	(114, 'kmishoe@hotmail.com', 3206322556, NULL, NULL),
	(115, 'hellensimeon@aol.com', 6518766084, 9523042054, NULL),
	(116, 'dvoss@yahoo.com', 6124458021, 6514654189, 3204810704),
	(117, 'lnova@aol.com', 7636046509, NULL, NULL),
	(118, 'jdenby@yahoo.com', 5340116932, NULL, NULL),
	(119, 'francesmcferrin@yahoo.com', 9523900798, NULL, NULL),
	(120, 'kloose@outlook.com', 3206280296, 3207320922, 7635270640),
	(121, 'lhamiton@yahoo.com', 3204374626, NULL, NULL),
	(122, 'ltrostle@aol.com', 2188952890, NULL, NULL),
	(123, 'jsteckel@aol.com', 6513926705, 6124820940, 6511117280),
	(124, 'etsukokuster@aol.com', 9522436716, 6124841192, NULL),
	(125, 'jhalper@aol.com', 2184747960, NULL, NULL),
	(126, 'alixwindholz@outlook.com', 3204242657, 2187426147, NULL),
	(127, 'walkercaicedo@aol.com', 2181791339, 6514015274, NULL),
	(128, 'erawlinson@outlook.com', 6519955606, 6129728025, NULL),
	(129, 'spine@gmail.com', 9520443719, 7637057509, NULL),
	(130, 'rhaig@hotmail.com', 7632968518, NULL, NULL),
	(131, 'janellahorvath@aol.com', 6127960355, NULL, NULL),
	(132, 'alisepaden@aol.com', 2180852269, 9523506653, 9524884079),
	(133, 'rpolinsky@aol.com', 2188152713, 6120424706, 7151192615),
	(134, 'sabinavanostrand@outlook.com', 5348631474, NULL, NULL),
	(135, 'abottorff@yahoo.com', 6515727182, 3204844891, 3205395398),
	(136, 'gvreeland@hotmail.com', 6120802213, NULL, NULL),
	(137, 'cdiep@yahoo.com', 7635419690, 2182321495, 7633261244),
	(138, 'garrymontana@gmail.com', 7634696321, 9523759725, NULL),
	(139, 'zregina@aol.com', 7635213342, 6120421116, NULL),
	(140, 'alyshamero@aol.com', 6510309299, NULL, NULL),
	(141, 'fkneeland@aol.com', 3201663979, 6128114131, NULL),
	(142, 'kkimler@aol.com', 7636920094, 3206910895, NULL),
	(143, 'ehouse@outlook.com', 2186390881, NULL, NULL),
	(144, 'vguion@hotmail.com', 6510679873, NULL, NULL),
	(145, 'jjesus@outlook.com', 9529181275, 7636311283, 7634452092),
	(146, 'robttarbell@outlook.com', 7633083994, 6120233358, 7638359976),
	(147, 'ymcgough@hotmail.com', 2188575528, NULL, NULL),
	(148, 'smeister@outlook.com', 7155720054, 9520304886, 9527719134),
	(149, 'hmoody@hotmail.com', 7636366746, 3203073777, 9520536515),
	(150, 'jamartoy@yahoo.com', 7153545724, 7158172473, 6514848900),
	(151, 'aheister@outlook.com', 9525555991, NULL, NULL),
	(152, 'atinnin@hotmail.com', 9521070035, 5343884982, NULL),
	(153, 'bspiegel@outlook.com', 3202165602, 3203064767, NULL),
	(154, 'jdelmonte@aol.com', 7639610771, 2187091376, 9528981542),
	(155, 'apacelli@yahoo.com', 6128295107, 9527525207, NULL),
	(156, 'vivastorie@yahoo.com', 6123796531, 7635521868, NULL),
	(157, 'ftroyer@yahoo.com', 7157398651, NULL, NULL),
	(158, 'rarmenta@aol.com', 9524868798, 3206385770, 2183849321),
	(159, 'smatinez@hotmail.com', 7638017730, NULL, NULL),
	(160, 'katherynek@outlook.com', 7638086504, 7638988278, NULL),
	(161, 'lhunsicker@outlook.com', 2187705688, 7630747231, 7156152084),
	(162, 'maritabatiste@hotmail.com', 6128849726, NULL, NULL),
	(163, 'jogles@outlook.com', 7156895213, 2182943574, 7634615443),
	(164, 'ltheis@outlook.com', 7636969247, NULL, NULL),
	(165, 'wrathburn@aol.com', 9525739979, NULL, NULL),
	(166, 'teofilabuscher@outlook.com', 9524894299, 6510589881, NULL),
	(167, 'lcarbajal@outlook.com', 3205367494, 7636088496, NULL),
	(168, 'sbrocato@aol.com', 7639863907, 5342687872, NULL),
	(169, 'vpryce@aol.com', 9528751532, 3200694041, NULL),
	(170, 'apane@outlook.com', 9529878529, NULL, NULL),
	(171, 'ahmadakins@yahoo.com', 6518448349, 7636628899, 7634266220),
	(172, 'glindahopf@aol.com', 7639940679, NULL, NULL),
	(173, 'tgu@outlook.com', 7630951234, 3207828030, NULL),
	(174, 'wendieblomgren@yahoo.com', 9524061460, 9521074360, NULL),
	(175, 'bwiemer@gmail.com', 9525819950, 6511631330, NULL),
	(176, 'evalynparkerson@outlook.com', 6120309909, NULL, NULL),
	(177, 'miskra@aol.com', 2188272659, 3203779293, 6122291303),
	(178, 'imolnar@aol.com', 9521983772, NULL, NULL),
	(179, 'ngermano@yahoo.com', 2183341422, NULL, NULL),
	(180, 'fdoerr@hotmail.com', 2185368528, NULL, NULL),
	(181, 'wcoppedge@yahoo.com', 7150699872, 9527001000, NULL),
	(182, 'dboxer@outlook.com', 9523371010, 7631042389, NULL),
	(183, 'leonidapatino@yahoo.com', 3208096739, 3201129795, NULL),
	(184, 'jcanale@gmail.com', 3207524609, NULL, NULL),
	(185, 'elroyrosse@aol.com', 2189911378, 7637321427, 9528540005),
	(186, 'vetabordeaux@yahoo.com', 9527883169, 6124691163, NULL),
	(187, 'maricruzmcnish@aol.com', 5344336749, NULL, NULL),
	(188, 'rosalinareay@gmail.com', 6519999729, 9520967892, NULL),
	(189, 'tdurrah@gmail.com', 5348352012, 9524587265, 6515878714),
	(190, 'epichette@gmail.com', 6512294255, NULL, NULL),
	(191, 'sheliaschwartzberg@aol.com', 6129428342, NULL, NULL),
	(192, 'amacfarlane@gmail.com', 6514481531, NULL, NULL),
	(193, 'ybotsford@yahoo.com', 9521706001, 2187151415, NULL),
	(194, 'shaladeleo@aol.com', 6511869442, 6515585958, NULL),
	(195, 'fepling@yahoo.com', 7637739862, NULL, NULL),
	(196, 'tmunsell@outlook.com', 2187434793, 7637592179, NULL),
	(197, 'khofman@gmail.com', 9527479898, NULL, NULL),
	(198, 'tshock@hotmail.com', 9526064327, 6510359184, NULL),
	(199, 'magdalencurrence@aol.com', 7637890633, 9521461299, 3208770856),
	(200, 'andersonmayoral@yahoo.com', 7635144977, 7637985170, NULL),
	(201, 'jonathanjoestar@aol.com', 5551437777, NULL, NULL);
/*!40000 ALTER TABLE `contacts` ENABLE KEYS */;

-- Dumping structure for table simpleschedule.insurance
DROP TABLE IF EXISTS `insurance`;
CREATE TABLE IF NOT EXISTS `insurance` (
  `patientId` int(11) NOT NULL,
  `groupId` varchar(255) NOT NULL,
  `id` varchar(255) NOT NULL,
  `planId` varchar(255) NOT NULL,
  `provider` varchar(255) NOT NULL,
  PRIMARY KEY (`patientId`)
) ENGINE=InnoDB DEFAULT CHARSET=latin1;

-- Dumping data for table simpleschedule.insurance: ~200 rows (approximately)
/*!40000 ALTER TABLE `insurance` DISABLE KEYS */;
INSERT INTO `insurance` (`patientId`, `groupId`, `id`, `planId`, `provider`) VALUES
	(1, 'LXBGVJEW', 'MMN275853127', 'EWICBLSE', 'HealthPartners'),
	(2, 'QNQUYSTN', 'MMN286266724', 'NQJBLOOI', 'Medica'),
	(3, 'SNILITYV', 'MMN598531367', 'MNEYILPC', 'HealthPartners'),
	(4, 'VDOZGCTS', 'MMN238488722', 'LJUKQTWX', 'PreferredOne'),
	(5, 'ODLZRYBI', 'MMN286198281', 'IUWJHJBC', 'PreferredOne'),
	(6, 'PWCEDWIY', 'MMN367339620', 'DLHSWKTI', 'United'),
	(7, 'XGSXQMCG', 'MMN181744980', 'KMMPGUYN', 'HealthPartners'),
	(8, 'QMUBVNEA', 'MMN562352887', 'AGBQBZIR', 'Blue Cross Blue Shield'),
	(9, 'KIQNQLKN', 'MMN011665200', 'XKYGNYEL', 'United'),
	(10, 'QAKVBZOS', 'MMN802650592', 'YSWNQHRZ', 'Medica'),
	(11, 'LVONYTFH', 'MMN957942384', 'USXCOCAN', 'PreferredOne'),
	(12, 'AFSIJEON', 'MMN532228890', 'DEDYDQQO', 'PreferredOne'),
	(13, 'IRMEIOPS', 'MMN491630579', 'SPCFATAD', 'PreferredOne'),
	(14, 'DSQTBMMW', 'MMN716760242', 'NYSKQUZW', 'United'),
	(15, 'TSFKZDIV', 'MMN167892490', 'HIKTDFAJ', 'HealthPartners'),
	(16, 'JSPDHYIC', 'MMN550183936', 'YTTYBMRI', 'Medica'),
	(17, 'KHFFCLZO', 'MMN594438625', 'FIXVGPRV', 'PreferredOne'),
	(18, 'DNUKFYIN', 'MMN718274875', 'WCKWWJTZ', 'United'),
	(19, 'OUUQKGML', 'MMN057018642', 'HUHLYHEK', 'HealthPartners'),
	(20, 'XPXYTXHX', 'MMN188157518', 'AYKCCZWW', 'HealthPartners'),
	(21, 'HAQZSLQQ', 'MMN751680879', 'SXHJAKWI', 'Blue Cross Blue Shield'),
	(22, 'ZJXLDCUN', 'MMN776195697', 'FTPHBLIG', 'Blue Cross Blue Shield'),
	(23, 'EKTMGYAC', 'MMN317046863', 'FIWFMUSJ', 'Blue Cross Blue Shield'),
	(24, 'LUFIGJGS', 'MMN317754015', 'NBVQXZSO', 'Medica'),
	(25, 'UHDEVVPV', 'MMN413463307', 'SDGGGTFX', 'Medica'),
	(26, 'SSWNCQVY', 'MMN537890176', 'ITGLKTCF', 'Blue Cross Blue Shield'),
	(27, 'UGNHEKXR', 'MMN986250155', 'LBTXNCGQ', 'PreferredOne'),
	(28, 'HAYSFQNQ', 'MMN142976310', 'VMUDINJN', 'Blue Cross Blue Shield'),
	(29, 'OAWWCPQH', 'MMN659007896', 'ELMOQUQR', 'PreferredOne'),
	(30, 'PSTEVGVP', 'MMN273905136', 'JZDVSCXJ', 'HealthPartners'),
	(31, 'IHGKHNZC', 'MMN050668181', 'UHRJLVRK', 'Medica'),
	(32, 'ASLFAKSE', 'MMN921781723', 'EOSLJRDK', 'PreferredOne'),
	(33, 'OXQHYGGF', 'MMN437666119', 'BZZXXCRC', 'United'),
	(34, 'GBDNNBGQ', 'MMN937269152', 'DKCLJHHN', 'Medica'),
	(35, 'UUCHQMJY', 'MMN631826588', 'ZMKCKOMB', 'United'),
	(36, 'TGYMCZVV', 'MMN737124956', 'ZURIVQKR', 'Blue Cross Blue Shield'),
	(37, 'OCDKSXIM', 'MMN075669147', 'WHNDPEDW', 'Medica'),
	(38, 'ZQRYJKIG', 'MMN119664214', 'RAAMJTAN', 'PreferredOne'),
	(39, 'VXVUIOVI', 'MMN741637964', 'XGMRTXMY', 'Medica'),
	(40, 'ZBZSFHTW', 'MMN421691322', 'MNMQNOHQ', 'PreferredOne'),
	(41, 'RNHNZLTR', 'MMN663317876', 'UULNUBTB', 'United'),
	(42, 'XAYVXCKC', 'MMN969160944', 'XUXNVCKJ', 'Medica'),
	(43, 'NNOFEZTI', 'MMN203558590', 'YCHZWUJD', 'United'),
	(44, 'TTRUACMN', 'MMN839889323', 'HKPNXQRU', 'Medica'),
	(45, 'SCWTZXYB', 'MMN806539892', 'WSRROAOC', 'Blue Cross Blue Shield'),
	(46, 'WOCTVKFH', 'MMN369895833', 'LJBMJHEE', 'Medica'),
	(47, 'JRWERVHQ', 'MMN736816813', 'ELIIXFIL', 'United'),
	(48, 'WPFGGMEX', 'MMN367568515', 'NXXFRZTT', 'Blue Cross Blue Shield'),
	(49, 'IZMDREKI', 'MMN815484603', 'GYQNKPXC', 'Blue Cross Blue Shield'),
	(50, 'YCHDEHPA', 'MMN477732196', 'FSKUAVPN', 'Medica'),
	(51, 'OVRBUEKU', 'MMN341255079', 'APSDLHVF', 'PreferredOne'),
	(52, 'MNLSFTTT', 'MMN653899776', 'JHWXYEYA', 'Blue Cross Blue Shield'),
	(53, 'HLNGIIXJ', 'MMN722553119', 'FFORAWVK', 'Blue Cross Blue Shield'),
	(54, 'NHKUORTM', 'MMN957248249', 'INBLANCI', 'Medica'),
	(55, 'ALBIZRND', 'MMN833877133', 'EPMYNZKR', 'HealthPartners'),
	(56, 'VXTGIZQK', 'MMN850610342', 'JDHUDXIA', 'PreferredOne'),
	(57, 'OFBTMKBN', 'MMN573343184', 'ASYMOWLD', 'Medica'),
	(58, 'WJURHUFT', 'MMN957055859', 'ALDOJOIV', 'Medica'),
	(59, 'OBYGQQAA', 'MMN526005207', 'QALPIWVH', 'United'),
	(60, 'PWXJHWAN', 'MMN386272490', 'SLZHYKZE', 'PreferredOne'),
	(61, 'AXTDWQZE', 'MMN298552185', 'PJUBMLPH', 'Blue Cross Blue Shield'),
	(62, 'ABESXOLR', 'MMN566895405', 'OEVEPTAW', 'PreferredOne'),
	(63, 'XCYTHAZO', 'MMN066875451', 'JTAACXCE', 'HealthPartners'),
	(64, 'WAZFKBMH', 'MMN849371055', 'EBWZXOTL', 'United'),
	(65, 'JLMKPNMU', 'MMN881449895', 'LMHYFKKY', 'PreferredOne'),
	(66, 'JEIUITON', 'MMN192190831', 'YNVIYOXF', 'HealthPartners'),
	(67, 'SNIOVLKI', 'MMN152992991', 'EFNZEMCM', 'HealthPartners'),
	(68, 'NPUOLJNZ', 'MMN755818680', 'TPMIQCZD', 'HealthPartners'),
	(69, 'AAYVLGYO', 'MMN714798281', 'NOYAOQMV', 'United'),
	(70, 'APVFZTAO', 'MMN701871705', 'FSINAKER', 'Medica'),
	(71, 'XUSDTOKI', 'MMN401206873', 'OSCYJOFK', 'Blue Cross Blue Shield'),
	(72, 'DDHVZNSB', 'MMN175704957', 'CXULDFRR', 'PreferredOne'),
	(73, 'GTXQETGC', 'MMN167860918', 'BFJZHFSK', 'United'),
	(74, 'PIMLNSRZ', 'MMN478231473', 'ZQNMTSUX', 'United'),
	(75, 'YTTWGXNY', 'MMN335794236', 'RSNYSBGJ', 'PreferredOne'),
	(76, 'MWGSBELN', 'MMN672732550', 'MXIICBXF', 'PreferredOne'),
	(77, 'VBTRKCOM', 'MMN220481347', 'HCCVUGUC', 'Medica'),
	(78, 'INALZETR', 'MMN416657519', 'OWXUGVTD', 'Medica'),
	(79, 'RVNVIBVJ', 'MMN624972121', 'FLXBAQFX', 'PreferredOne'),
	(80, 'SBHFDVEV', 'MMN459614831', 'AYGCZHYT', 'United'),
	(81, 'OXXMJGEM', 'MMN094514048', 'MFQYESFA', 'PreferredOne'),
	(82, 'VADVUJKX', 'MMN511778670', 'BHWWMBTQ', 'Medica'),
	(83, 'AGQLUKWM', 'MMN571877650', 'PPFLTGCR', 'PreferredOne'),
	(84, 'HEZJXNZU', 'MMN979254252', 'KEOLRHJI', 'Blue Cross Blue Shield'),
	(85, 'LRODXBOO', 'MMN551372802', 'WMJKFSKT', 'Blue Cross Blue Shield'),
	(86, 'GJKEMULV', 'MMN481569456', 'UTYKANWX', 'HealthPartners'),
	(87, 'LWOUEGJM', 'MMN214104651', 'EVDFVIHW', 'PreferredOne'),
	(88, 'NERNVPKN', 'MMN382153228', 'OPZPCSCN', 'United'),
	(89, 'KSTFHLHP', 'MMN600039303', 'XAZQGQSM', 'HealthPartners'),
	(90, 'KNSVDMJK', 'MMN427723220', 'DBJFXUVF', 'Blue Cross Blue Shield'),
	(91, 'VKBFQZJK', 'MMN296685743', 'SDSAPQFF', 'United'),
	(92, 'FUXEEMBO', 'MMN833249774', 'VGSJDEVR', 'HealthPartners'),
	(93, 'WWPOTGHE', 'MMN159849813', 'RWHPJTUM', 'PreferredOne'),
	(94, 'YKMUTSLY', 'MMN489684837', 'OTSWNRND', 'HealthPartners'),
	(95, 'PQHPASOE', 'MMN141286250', 'ZDOVTKXZ', 'United'),
	(96, 'DRQDJPKG', 'MMN333054534', 'QQCCTCPZ', 'PreferredOne'),
	(97, 'DYKSLFEB', 'MMN643473572', 'CWFMUKWR', 'United'),
	(98, 'IITNKWBV', 'MMN582664649', 'XWRZPHRS', 'HealthPartners'),
	(99, 'BFPEIKCU', 'MMN003506543', 'ZUTVWLLU', 'United'),
	(100, 'MBYEHZUU', 'MMN477615129', 'RMHRGVTK', 'Medica'),
	(101, 'ARFAIIFD', 'MMN170060585', 'DUHKEGXQ', 'Medica'),
	(102, 'MHBLBRTK', 'MMN318921034', 'GZRNNQKV', 'Blue Cross Blue Shield'),
	(103, 'SWLDRVMP', 'MMN086325471', 'ASFKBJIN', 'United'),
	(104, 'GIYKFPJH', 'MMN439106451', 'FTPKEUDK', 'United'),
	(105, 'TPCIAJUP', 'MMN027432193', 'DMRBOZIX', 'United'),
	(106, 'BYSQBEYD', 'MMN090936433', 'AJQJKRPM', 'PreferredOne'),
	(107, 'YDKWRFSO', 'MMN892557725', 'BLFDVVYQ', 'PreferredOne'),
	(108, 'PJAYPLAM', 'MMN448852599', 'GZEZGJWO', 'Blue Cross Blue Shield'),
	(109, 'VRMJMPMD', 'MMN665832165', 'XICCVXOQ', 'Medica'),
	(110, 'BAYKWGGC', 'MMN818763450', 'YSGUEELX', 'PreferredOne'),
	(111, 'EJMAQSQO', 'MMN286818578', 'UXHBIKNG', 'United'),
	(112, 'NHWAARJG', 'MMN144381349', 'UMEEWYNP', 'Medica'),
	(113, 'QXCDXKMD', 'MMN946561789', 'PVQSJRDH', 'HealthPartners'),
	(114, 'TRRRAMHX', 'MMN948095977', 'SHQYVFDE', 'United'),
	(115, 'JXEJJQIY', 'MMN059428923', 'WZMLTIQU', 'PreferredOne'),
	(116, 'IEUISFKA', 'MMN231669309', 'KEDWTPLN', 'United'),
	(117, 'XIYGHYLP', 'MMN702578133', 'MMWQVZWH', 'United'),
	(118, 'GHYMUPVG', 'MMN694791332', 'OGUQFQWB', 'HealthPartners'),
	(119, 'YFIBNMAN', 'MMN704900465', 'WXUSXMVR', 'PreferredOne'),
	(120, 'XHMNYIVK', 'MMN542307067', 'JBMDBJKG', 'HealthPartners'),
	(121, 'MDQHFGUM', 'MMN102511284', 'ACDGNQQI', 'PreferredOne'),
	(122, 'CGIWHQCT', 'MMN174217320', 'VTISFKLM', 'HealthPartners'),
	(123, 'NXPHLFHX', 'MMN603003230', 'FYELZBAI', 'PreferredOne'),
	(124, 'ZWZPAFAE', 'MMN352838943', 'XKTQSJFO', 'United'),
	(125, 'HKVKTBAO', 'MMN317651010', 'PIMYPUTT', 'Blue Cross Blue Shield'),
	(126, 'EWATGZSA', 'MMN283418312', 'BAXBUKQC', 'PreferredOne'),
	(127, 'SVDYPOBM', 'MMN818305811', 'WUEINOYT', 'HealthPartners'),
	(128, 'NLCKSGUO', 'MMN009894887', 'AMPVUILW', 'United'),
	(129, 'IMSKHPIP', 'MMN424937447', 'MWVCMDRV', 'HealthPartners'),
	(130, 'ZKIOQPKH', 'MMN383021458', 'HGZIVAXQ', 'Medica'),
	(131, 'VPQOBTEB', 'MMN575756714', 'FKGQBYCF', 'Medica'),
	(132, 'ENUZFDKG', 'MMN955985591', 'ADWZADTP', 'PreferredOne'),
	(133, 'ISSILONL', 'MMN024137518', 'MRECXTHS', 'United'),
	(134, 'HYBPVRYE', 'MMN428290494', 'NFISDCYQ', 'United'),
	(135, 'BHIASFOA', 'MMN013106647', 'MIMGPLFD', 'Blue Cross Blue Shield'),
	(136, 'VJAXEIOG', 'MMN775540186', 'JZUAKUCQ', 'PreferredOne'),
	(137, 'ZTODOTCW', 'MMN734905656', 'ZDMJYFVQ', 'United'),
	(138, 'OWMZMBFY', 'MMN408817867', 'PINOESPH', 'PreferredOne'),
	(139, 'PNQHDRPB', 'MMN415827032', 'ENFKOXHQ', 'United'),
	(140, 'HQZHBFCE', 'MMN236020011', 'IKGNBJKA', 'United'),
	(141, 'WBZUNKFO', 'MMN827922482', 'SLISHJFF', 'PreferredOne'),
	(142, 'SBYAFUOT', 'MMN838870563', 'AQYMRLLG', 'United'),
	(143, 'QPZCKQZG', 'MMN710948532', 'EXRUDVCL', 'United'),
	(144, 'KAHZCCDC', 'MMN004378370', 'TMOLMSLR', 'United'),
	(145, 'XPHBHOCR', 'MMN436308238', 'MTFXSHHZ', 'PreferredOne'),
	(146, 'OIKMEGZT', 'MMN667486914', 'HDLLDVHU', 'United'),
	(147, 'PEGFDPIQ', 'MMN983235558', 'LCUQQEIG', 'HealthPartners'),
	(148, 'XEWEVFPQ', 'MMN207061702', 'VQCRATIJ', 'Blue Cross Blue Shield'),
	(149, 'ZZNWAOLL', 'MMN258559469', 'YEGKBOJR', 'HealthPartners'),
	(150, 'BPLNPIGO', 'MMN009889007', 'NFSLHNXM', 'Blue Cross Blue Shield'),
	(151, 'SOLJVXBB', 'MMN355636157', 'VJBELNZY', 'Medica'),
	(152, 'RRVAYUEI', 'MMN761298995', 'HCUWDHTS', 'PreferredOne'),
	(153, 'WKUSSQMD', 'MMN900691594', 'WUWEMLXK', 'HealthPartners'),
	(154, 'OFHMGMDL', 'MMN052856967', 'OLRSQRWD', 'Blue Cross Blue Shield'),
	(155, 'ZZGGWUKE', 'MMN723246781', 'YNYSQDRA', 'HealthPartners'),
	(156, 'VZGTHCVN', 'MMN389630938', 'CBFTAVFA', 'United'),
	(157, 'ULVBTUIS', 'MMN250459732', 'KYQHJLDX', 'PreferredOne'),
	(158, 'YJBHCJAU', 'MMN096795725', 'YFYUNSOY', 'United'),
	(159, 'UMSYKJOI', 'MMN749435068', 'IADSHESF', 'HealthPartners'),
	(160, 'BEVPTAMJ', 'MMN331886724', 'FBCDMXVS', 'United'),
	(161, 'SQYKCBYB', 'MMN817642974', 'JBOSIFDF', 'Blue Cross Blue Shield'),
	(162, 'PTPTPYFV', 'MMN197081339', 'FYDUFPMJ', 'Blue Cross Blue Shield'),
	(163, 'OWAVYSCD', 'MMN314323675', 'KFQJZWRE', 'Blue Cross Blue Shield'),
	(164, 'CACBTTLO', 'MMN932708106', 'EOCJSJZP', 'United'),
	(165, 'ZLEZLQUQ', 'MMN822866781', 'LPOBVFDQ', 'PreferredOne'),
	(166, 'NHXDZBJV', 'MMN784580776', 'WKSQICYX', 'Medica'),
	(167, 'RRRGZAHL', 'MMN686028088', 'TICMDAQW', 'PreferredOne'),
	(168, 'BJLWHQOP', 'MMN932854244', 'DKSAWXZW', 'Medica'),
	(169, 'WJOLENRS', 'MMN730614944', 'MNQZOSJV', 'Blue Cross Blue Shield'),
	(170, 'NSJIRWIG', 'MMN314851180', 'ZQFBPXMH', 'Blue Cross Blue Shield'),
	(171, 'EVUGWGWK', 'MMN433587639', 'JTLMPTNZ', 'Medica'),
	(172, 'ODFOPZHE', 'MMN529014088', 'DPDGQULF', 'United'),
	(173, 'NOAEQTKS', 'MMN576386350', 'GAUZCDOU', 'Medica'),
	(174, 'FZHJJFLX', 'MMN388077436', 'IAKZJBMY', 'Medica'),
	(175, 'BQPLLKKJ', 'MMN134174180', 'IEBYDPSA', 'Blue Cross Blue Shield'),
	(176, 'QUDPXLNY', 'MMN637485024', 'IPTAKDEZ', 'United'),
	(177, 'IFCAJZWW', 'MMN246378617', 'WWQKDTVB', 'United'),
	(178, 'UQXETCWA', 'MMN477225236', 'ZJIASFZI', 'HealthPartners'),
	(179, 'HGSIAILH', 'MMN987116552', 'GVHXNVYO', 'Blue Cross Blue Shield'),
	(180, 'APRHRYRO', 'MMN076005441', 'YLXALHNI', 'Blue Cross Blue Shield'),
	(181, 'OCJKUMFR', 'MMN936338436', 'RAWFAWSG', 'United'),
	(182, 'ZCZDMUHN', 'MMN210764070', 'TXWPXNIE', 'Blue Cross Blue Shield'),
	(183, 'ULCTXVAL', 'MMN205036036', 'MTDOTACV', 'HealthPartners'),
	(184, 'LCGWFGSD', 'MMN487605896', 'NDOIWWDJ', 'United'),
	(185, 'WOZFCYIL', 'MMN844896407', 'LVSHEJTT', 'PreferredOne'),
	(186, 'FXQSXSHE', 'MMN093450149', 'EDGCLHOK', 'PreferredOne'),
	(187, 'IHYUVTGD', 'MMN745829164', 'VESFUOCX', 'Medica'),
	(188, 'QXOMOXQO', 'MMN782870336', 'PFUGINGO', 'Medica'),
	(189, 'JUWRYADS', 'MMN030794394', 'UQPCELJX', 'PreferredOne'),
	(190, 'SEVXTSEP', 'MMN022580086', 'IBMHRYLW', 'Medica'),
	(191, 'VGLTEETD', 'MMN720677687', 'OCCIVVGY', 'HealthPartners'),
	(192, 'AERWEALX', 'MMN181885362', 'YZBOERZY', 'PreferredOne'),
	(193, 'CCSXJIMP', 'MMN464757650', 'LOCFYMEZ', 'Medica'),
	(194, 'GUFZLJHA', 'MMN487308835', 'PUHUEDJI', 'Blue Cross Blue Shield'),
	(195, 'ZPGWEBGO', 'MMN697861946', 'CEHINDVY', 'HealthPartners'),
	(196, 'GVENJCBC', 'MMN388927397', 'SEJGJBDN', 'United'),
	(197, 'RODXYMQG', 'MMN508533864', 'LSBBXTLF', 'Medica'),
	(198, 'TMGAMRDS', 'MMN226052760', 'XRMJQDSP', 'Blue Cross Blue Shield'),
	(199, 'BHZURXOQ', 'MMN898569026', 'SRWKULHC', 'PreferredOne'),
	(200, 'TKHNKEHI', 'MMN359212683', 'SNBNEUHI', 'PreferredOne'),
	(201, 'FIQJDNXC', 'MMN456789123', 'KFHJDILA', 'United');
/*!40000 ALTER TABLE `insurance` ENABLE KEYS */;

-- Dumping structure for table simpleschedule.locations
DROP TABLE IF EXISTS `locations`;
CREATE TABLE IF NOT EXISTS `locations` (
  `id` int(11) NOT NULL,
  `city` varchar(255) NOT NULL,
  `state` varchar(2) NOT NULL,
  PRIMARY KEY (`id`)
) ENGINE=InnoDB DEFAULT CHARSET=latin1;

-- Dumping data for table simpleschedule.locations: ~3 rows (approximately)
/*!40000 ALTER TABLE `locations` DISABLE KEYS */;
INSERT INTO `locations` (`id`, `city`, `state`) VALUES
	(1, 'Minneapolis', 'MN'),
	(2, 'St. Paul', 'MN'),
	(3, 'Superior', 'WI');
/*!40000 ALTER TABLE `locations` ENABLE KEYS */;

-- Dumping structure for table simpleschedule.patients
DROP TABLE IF EXISTS `patients`;
CREATE TABLE IF NOT EXISTS `patients` (
  `id` int(11) NOT NULL AUTO_INCREMENT,
  `dob` date NOT NULL,
  `namef` varchar(255) NOT NULL,
  `namel` varchar(255) NOT NULL,
  `primaryid` int(11) DEFAULT NULL,
  PRIMARY KEY (`id`)
) ENGINE=InnoDB AUTO_INCREMENT=202 DEFAULT CHARSET=latin1;

-- Dumping data for table simpleschedule.patients: ~200 rows (approximately)
/*!40000 ALTER TABLE `patients` DISABLE KEYS */;
INSERT INTO `patients` (`id`, `dob`, `namef`, `namel`, `primaryid`) VALUES
	(1, '1978-11-18', 'Terri', 'Merrihew', 3),
	(2, '1993-05-10', 'Lurline', 'Roberge', 6),
	(3, '1952-01-17', 'Murray', 'Delagarza', 4),
	(4, '1981-07-14', 'Erma', 'Shivers', 3),
	(5, '1990-03-29', 'Kesha', 'Vanegas', 6),
	(6, '2003-04-12', 'Johnsie', 'Chauez', 6),
	(7, '1951-07-25', 'Delbert', 'Si', 4),
	(8, '1936-09-20', 'Jamison', 'Metoyer', 4),
	(9, '1963-09-08', 'Minda', 'Rockhold', 2),
	(10, '1989-09-22', 'Eleanore', 'Diblasi', 2),
	(11, '1963-02-24', 'Angeles', 'Dimatteo', 3),
	(12, '1939-06-18', 'Somer', 'Bakley', 3),
	(13, '1960-10-05', 'Micheal', 'Errico', 6),
	(14, '1950-02-03', 'Nubia', 'Gonsalez', 1),
	(15, '1980-09-29', 'Calandra', 'Solorzano', 6),
	(16, '2019-03-11', 'Gwendolyn', 'Abee', 3),
	(17, '1983-04-16', 'Laurel', 'Siemers', 5),
	(18, '2002-12-28', 'Kimberli', 'Iannuzzi', 6),
	(19, '1946-02-27', 'Shawanda', 'Cai', 2),
	(20, '1960-04-08', 'Tanner', 'Donat', 6),
	(21, '2000-10-23', 'Tawanna', 'Groves', 5),
	(22, '1941-12-17', 'Broderick', 'Ruehl', 2),
	(23, '1964-04-27', 'Lanie', 'Stoute', 6),
	(24, '1953-01-22', 'Eldora', 'Brouse', 5),
	(25, '2000-05-25', 'Grace', 'Paavola', 1),
	(26, '2020-04-10', 'Soila', 'Gillette', 1),
	(27, '2004-02-27', 'Mindi', 'Fiorentino', 5),
	(28, '1997-06-30', 'Claudie', 'Greening', 4),
	(29, '1972-05-30', 'Viva', 'Mckeehan', 1),
	(30, '1940-10-04', 'Tasha', 'Corkery', 4),
	(31, '2008-08-13', 'Mandi', 'Pyles', 5),
	(32, '2011-08-09', 'Gayla', 'Hodapp', 5),
	(33, '1996-07-16', 'Selina', 'Colton', 4),
	(34, '1941-09-16', 'Tuan', 'Tozier', 4),
	(35, '1989-11-06', 'Lavonna', 'Kissel', 4),
	(36, '1950-09-19', 'Taisha', 'Belmont', 2),
	(37, '1987-08-28', 'Norene', 'Culver', 5),
	(38, '1933-01-07', 'Sina', 'Flynt', 5),
	(39, '1991-07-20', 'Marie', 'Loop', 2),
	(40, '2008-09-11', 'Hai', 'Chiou', 1),
	(41, '1979-07-12', 'Omer', 'Bogardus', 5),
	(42, '1956-06-23', 'Loren', 'Renfrew', 4),
	(43, '1942-09-25', 'Corie', 'Modica', 4),
	(44, '2008-06-28', 'Guillermo', 'Starke', 6),
	(45, '1949-04-15', 'Dayle', 'Vannoy', 6),
	(46, '1980-08-04', 'Shauna', 'Geary', 3),
	(47, '1974-01-13', 'Zora', 'Martel', 5),
	(48, '2007-10-28', 'Jessica', 'Bomar', 5),
	(49, '1952-11-18', 'Bettie', 'Kielbasa', 5),
	(50, '2016-07-03', 'Candance', 'Cupples', 2),
	(51, '1997-06-17', 'Lavon', 'Kreitzer', 4),
	(52, '1971-07-02', 'Raven', 'Batson', 4),
	(53, '1975-06-23', 'Tiffani', 'Roe', 1),
	(54, '2018-09-03', 'Emmaline', 'Finley', 4),
	(55, '1987-04-01', 'Florida', 'Iwamoto', 1),
	(56, '1935-01-11', 'Jin', 'Isler', 1),
	(57, '1968-07-23', 'Barb', 'Pass', 3),
	(58, '1980-05-21', 'Harlan', 'Nathanson', 1),
	(59, '2020-05-18', 'Kaye', 'Broce', 3),
	(60, '1934-10-16', 'Cecille', 'Kucharski', 5),
	(61, '2013-06-22', 'Kortney', 'Karsten', 6),
	(62, '1950-03-20', 'Ivey', 'Caro', 4),
	(63, '1998-05-29', 'Lasandra', 'Kendrick', 3),
	(64, '1934-06-12', 'Antoine', 'Clogston', 3),
	(65, '1956-08-31', 'Adeline', 'Kloss', 2),
	(66, '1937-06-18', 'Kizzie', 'Leanos', 5),
	(67, '1932-01-12', 'Jamal', 'Mazzotta', 6),
	(68, '1934-09-27', 'Jetta', 'Postell', 6),
	(69, '2014-12-12', 'Craig', 'Hinkel', 5),
	(70, '1947-07-15', 'Joann', 'Blass', 4),
	(71, '1982-06-06', 'Lilia', 'Modlin', 1),
	(72, '1980-12-29', 'Everette', 'Welle', 1),
	(73, '1943-05-04', 'Rosana', 'Spector', 4),
	(74, '2009-12-06', 'Kellye', 'Batdorf', 1),
	(75, '1987-08-20', 'Joellen', 'Pizzo', 4),
	(76, '1933-09-11', 'Hee', 'Nguyen', 2),
	(77, '2007-10-20', 'Kirk', 'Mckeehan', 2),
	(78, '2017-06-30', 'Annamaria', 'Gorder', 2),
	(79, '1939-09-21', 'Katrice', 'Mallari', 6),
	(80, '1972-11-11', 'Reynalda', 'Pua', 1),
	(81, '2001-10-29', 'Clyde', 'Zamudio', 5),
	(82, '1994-09-30', 'Emerita', 'Tingle', 1),
	(83, '1947-12-03', 'Lauran', 'Worm', 6),
	(84, '1958-05-27', 'Lahoma', 'Rosen', 4),
	(85, '1964-08-15', 'Noel', 'Harvey', 3),
	(86, '2000-04-04', 'Maryjo', 'Knaus', 5),
	(87, '1952-08-11', 'Soon', 'Mazzeo', 5),
	(88, '1999-08-23', 'Beatris', 'Witham', 1),
	(89, '2003-07-06', 'Ok', 'Lafever', 1),
	(90, '1978-09-20', 'Maris', 'Proudfoot', 1),
	(91, '1999-04-24', 'Valentin', 'Alfano', 4),
	(92, '1951-04-23', 'Vesta', 'Stout', 6),
	(93, '1962-01-30', 'Noble', 'Guilbert', 2),
	(94, '2006-11-28', 'Freeman', 'Byers', 5),
	(95, '2010-09-18', 'Dayna', 'Russi', 2),
	(96, '1976-07-01', 'Lincoln', 'Felch', 4),
	(97, '1993-11-01', 'Zella', 'Duffy', 6),
	(98, '1973-12-22', 'Morris', 'Thornell', 2),
	(99, '1954-02-16', 'Diana', 'Lu', 4),
	(100, '1949-04-28', 'Ruthann', 'Lockhart', 5),
	(101, '1945-08-05', 'Romaine', 'Leroy', 1),
	(102, '1965-11-17', 'Lisbeth', 'Hamill', 6),
	(103, '1989-01-02', 'Jerrod', 'Heaston', 4),
	(104, '1977-02-28', 'Nathanael', 'Okafor', 6),
	(105, '2002-05-02', 'Carmelo', 'Nash', 1),
	(106, '2003-09-13', 'Katrice', 'Brimage', 5),
	(107, '2002-05-24', 'Imogene', 'Rawles', 2),
	(108, '1932-04-17', 'Susan', 'Church', 2),
	(109, '1973-05-04', 'Deadra', 'Greathouse', 5),
	(110, '1940-11-22', 'Loise', 'Mey', 2),
	(111, '1950-07-10', 'Piper', 'Thornley', 1),
	(112, '1978-10-31', 'Charlesetta', 'Callahan', 1),
	(113, '1983-05-21', 'Duncan', 'Simmonds', 4),
	(114, '2012-03-11', 'Keeley', 'Mishoe', 6),
	(115, '2015-02-23', 'Hellen', 'Simeon', 5),
	(116, '1957-01-09', 'Dorris', 'Voss', 6),
	(117, '1952-12-31', 'Lura', 'Nova', 5),
	(118, '1981-01-11', 'Johnathan', 'Denby', 1),
	(119, '2005-06-08', 'Frances', 'Mcferrin', 4),
	(120, '1961-06-11', 'Keturah', 'Loose', 4),
	(121, '1937-03-03', 'Lester', 'Hamiton', 1),
	(122, '1961-01-05', 'Lucius', 'Trostle', 5),
	(123, '1931-09-01', 'Jermaine', 'Steckel', 3),
	(124, '1987-04-23', 'Etsuko', 'Kuster', 6),
	(125, '2001-11-04', 'Jettie', 'Halper', 2),
	(126, '2000-03-04', 'Alix', 'Windholz', 5),
	(127, '2017-06-29', 'Walker', 'Caicedo', 4),
	(128, '1997-07-07', 'Enola', 'Rawlinson', 3),
	(129, '1941-05-25', 'Soon', 'Pine', 3),
	(130, '1944-11-12', 'Reginald', 'Haig', 3),
	(131, '1943-09-04', 'Janella', 'Horvath', 3),
	(132, '1995-01-30', 'Alise', 'Paden', 4),
	(133, '1995-10-11', 'Remona', 'Polinsky', 6),
	(134, '1984-04-03', 'Sabina', 'Vanostrand', 6),
	(135, '2018-10-28', 'Ashanti', 'Bottorff', 2),
	(136, '1994-06-12', 'Geralyn', 'Vreeland', 5),
	(137, '1975-05-03', 'Chere', 'Diep', 1),
	(138, '2011-11-10', 'Garry', 'Montana', 2),
	(139, '2017-01-05', 'Zulma', 'Regina', 4),
	(140, '1945-01-22', 'Alysha', 'Mero', 6),
	(141, '2003-06-22', 'Fredric', 'Kneeland', 4),
	(142, '2013-02-26', 'Kendrick', 'Kimler', 2),
	(143, '1945-09-03', 'Elvia', 'House', 4),
	(144, '1999-02-16', 'Vito', 'Guion', 1),
	(145, '1993-12-08', 'Jenny', 'Jesus', 5),
	(146, '1937-08-23', 'Robt', 'Tarbell', 1),
	(147, '1970-03-01', 'Yvonne', 'Mcgough', 1),
	(148, '1952-04-04', 'Shirlee', 'Meister', 1),
	(149, '1960-07-31', 'Hugo', 'Moody', 5),
	(150, '1995-06-27', 'Jamar', 'Toy', 2),
	(151, '1967-02-05', 'Ashleigh', 'Heister', 6),
	(152, '1942-12-14', 'Aletha', 'Tinnin', 3),
	(153, '1988-05-26', 'Bryant', 'Spiegel', 1),
	(154, '1940-06-19', 'Jeanmarie', 'Delmonte', 3),
	(155, '1954-01-11', 'Arnita', 'Pacelli', 2),
	(156, '1998-09-25', 'Viva', 'Storie', 4),
	(157, '2007-08-05', 'Fran', 'Troyer', 4),
	(158, '1932-10-17', 'Rupert', 'Armenta', 3),
	(159, '2000-07-04', 'Sherell', 'Matinez', 6),
	(160, '2009-01-03', 'Katheryn', 'Ek', 6),
	(161, '2017-09-16', 'Letha', 'Hunsicker', 1),
	(162, '2013-05-29', 'Marita', 'Batiste', 1),
	(163, '2020-08-17', 'Jeniffer', 'Ogles', 3),
	(164, '1961-01-02', 'Leroy', 'Theis', 1),
	(165, '2017-07-29', 'Winford', 'Rathburn', 2),
	(166, '1987-08-06', 'Teofila', 'Buscher', 1),
	(167, '2013-01-03', 'Leona', 'Carbajal', 6),
	(168, '1983-02-11', 'Sharla', 'Brocato', 3),
	(169, '1952-08-13', 'Vella', 'Pryce', 4),
	(170, '1972-06-06', 'Ardelia', 'Pane', 5),
	(171, '2000-04-29', 'Ahmad', 'Akins', 4),
	(172, '1990-07-28', 'Glinda', 'Hopf', 1),
	(173, '1971-06-18', 'Trinity', 'Gu', 1),
	(174, '1985-10-19', 'Wendie', 'Blomgren', 6),
	(175, '1961-07-21', 'Bernardina', 'Wiemer', 3),
	(176, '2020-09-13', 'Evalyn', 'Parkerson', 6),
	(177, '1945-02-09', 'Marietta', 'Iskra', 2),
	(178, '1974-04-02', 'Idella', 'Molnar', 5),
	(179, '2015-07-16', 'Niki', 'Germano', 2),
	(180, '1967-11-09', 'Freddie', 'Doerr', 1),
	(181, '1971-10-15', 'Walker', 'Coppedge', 5),
	(182, '1970-08-06', 'Dillon', 'Boxer', 2),
	(183, '1990-09-07', 'Leonida', 'Patino', 6),
	(184, '1945-10-25', 'Joleen', 'Canale', 1),
	(185, '1994-03-13', 'Elroy', 'Rosse', 6),
	(186, '1983-06-03', 'Veta', 'Bordeaux', 3),
	(187, '2006-11-02', 'Maricruz', 'Mcnish', 4),
	(188, '1950-02-25', 'Rosalina', 'Reay', 1),
	(189, '1970-01-03', 'Theressa', 'Durrah', 2),
	(190, '1989-10-29', 'Eleonor', 'Pichette', 6),
	(191, '1995-09-03', 'Shelia', 'Schwartzberg', 6),
	(192, '1994-11-30', 'Archie', 'Macfarlane', 1),
	(193, '1952-09-26', 'Yoshie', 'Botsford', 3),
	(194, '1931-10-28', 'Shala', 'Deleo', 5),
	(195, '1964-12-16', 'Fairy', 'Epling', 3),
	(196, '1983-04-10', 'Tora', 'Munsell', 3),
	(197, '1979-05-24', 'Kylee', 'Hofman', 3),
	(198, '1944-04-22', 'Tania', 'Shock', 5),
	(199, '1960-06-03', 'Magdalen', 'Currence', 6),
	(200, '2001-08-13', 'Anderson', 'Mayoral', 4),
	(201, '1865-04-09', 'Jonathan', 'Joestar', 2);
/*!40000 ALTER TABLE `patients` ENABLE KEYS */;

-- Dumping structure for table simpleschedule.staff
DROP TABLE IF EXISTS `staff`;
CREATE TABLE IF NOT EXISTS `staff` (
  `id` int(11) NOT NULL,
  `namef` varchar(255) DEFAULT NULL,
  `namel` varchar(255) DEFAULT NULL,
  `locationid` int(11) DEFAULT NULL,
  `title` varchar(255) DEFAULT NULL,
  PRIMARY KEY (`id`)
) ENGINE=InnoDB DEFAULT CHARSET=latin1;

-- Dumping data for table simpleschedule.staff: ~0 rows (approximately)
/*!40000 ALTER TABLE `staff` DISABLE KEYS */;
INSERT INTO `staff` (`id`, `namef`, `namel`, `locationid`, `title`) VALUES
	(1, 'Aide', 'Pelham', 2, 'Doctor'),
	(2, 'Milagros', 'Watters', 3, 'Doctor'),
	(3, 'Kathryn', 'Bravo', 1, 'Doctor'),
	(4, 'Eve', 'Wolford', 1, 'Doctor'),
	(5, 'Librada', 'Whitener', 2, 'Doctor'),
	(6, 'Ellis', 'Leibowitz', 3, 'Doctor'),
	(7, 'Arnold', 'Sand', 2, 'Registered Nurse'),
	(8, 'Cori', 'Aronowitz', 3, 'Receptionist'),
	(9, 'Simonne', 'Minns', 1, 'Patient Services'),
	(10, 'Tayna', 'Labounty', 2, 'Nursing Assitant'),
	(11, 'Nathanial', 'Coffer', 3, 'Nursing Assitant'),
	(12, 'Aida', 'Lukasik', 1, 'Nursing Assitant'),
	(13, 'Danika', 'Hiott', 1, 'Receptionist'),
	(14, 'Tomoko', 'Neale', 1, 'Nursing Assitant'),
	(15, 'Roxanna', 'Kielbasa', 1, 'Patient Services'),
	(16, 'Tameika', 'Stalder', 2, 'Registered Nurse'),
	(17, 'Dong', 'Obando', 3, 'Technician'),
	(18, 'Lon', 'Morehouse', 3, 'Billing'),
	(19, 'Lacy', 'Baccus', 1, 'Registered Nurse'),
	(20, 'Virgie', 'Mccrae', 2, 'Receptionist'),
	(21, 'Elroy', 'Kulik', 1, 'Receptionist'),
	(22, 'Shavonne', 'Vizcaino', 2, 'Technician'),
	(23, 'Cristobal', 'Beausoleil', 2, 'Billing'),
	(24, 'Liana', 'Mulhern', 2, 'Nursing Assitant'),
	(25, 'Carmelia', 'Littlefield', 1, 'Billing'),
	(26, 'Shira', 'Goldstein', 1, 'Patient Services'),
	(27, 'Cathie', 'Clark', 2, 'Patient Services'),
	(28, 'Deana', 'Roseman', 2, 'Receptionist'),
	(29, 'Kirsten', 'Dunne', 2, 'Receptionist'),
	(30, 'Jeniffer', 'Vogt', 2, 'Registered Nurse'),
	(31, 'Marcellus', 'Corning', 1, 'Technician'),
	(32, 'Jerald', 'Sheckler', 2, 'Nursing Assitant'),
	(33, 'Stephan', 'Hamid', 2, 'Patient Services'),
	(34, 'Ethelene', 'Ogburn', 1, 'Nursing Assitant'),
	(35, 'Oscar', 'Kirsh', 3, 'Nursing Assitant'),
	(36, 'Jazmine', 'Lipson', 3, 'Receptionist'),
	(37, 'Terrell', 'Tocci', 1, 'Patient Services'),
	(38, 'Kimiko', 'Vanasse', 3, 'Technician'),
	(39, 'Towanda', 'Kruse', 3, 'Billing'),
	(40, 'Roland', 'Kopec', 1, 'Receptionist'),
	(41, 'Chia', 'Lora', 2, 'Technician'),
	(42, 'Raelene', 'Wedeking', 3, 'Technician'),
	(43, 'Mack', 'Manfredi', 3, 'Patient Services'),
	(44, 'Yajaira', 'Barris', 3, 'Billing'),
	(45, 'Shu', 'Atkison', 2, 'Registered Nurse'),
	(46, 'Marvin', 'Bethune', 2, 'Receptionist'),
	(47, 'Thomasine', 'Haynie', 1, 'Nursing Assitant'),
	(48, 'Michael', 'Zakrzewski', 2, 'Nursing Assitant'),
	(49, 'Ellena', 'Schweitzer', 2, 'Patient Services'),
	(50, 'Jami', 'Chauvin', 1, 'Billing'),
	(51, 'Elias', 'Weiser', 2, 'Registered Nurse'),
	(52, 'Novella', 'Kemmer', 2, 'Receptionist'),
	(53, 'Brant', 'Ruffo', 2, 'Receptionist');
/*!40000 ALTER TABLE `staff` ENABLE KEYS */;

/*!40101 SET SQL_MODE=IFNULL(@OLD_SQL_MODE, '') */;
/*!40014 SET FOREIGN_KEY_CHECKS=IFNULL(@OLD_FOREIGN_KEY_CHECKS, 1) */;
/*!40101 SET CHARACTER_SET_CLIENT=@OLD_CHARACTER_SET_CLIENT */;
/*!40111 SET SQL_NOTES=IFNULL(@OLD_SQL_NOTES, 1) */;
